id,genre,label,prediction,rank
646290,Article,aaron gleeman,aaron gleeman,1
646284,Article,aaron gleeman,aaron gleeman,1
646160,Article,aaron gleeman,aaron gleeman,1
646333,Article,aaron gleeman,aaron gleeman,1
646190,Article,aaron gleeman,aaron gleeman,1
646240,Article,aaron gleeman,aaron gleeman,1
646318,Article,aaron gleeman,aaron gleeman,1
646135,Article,aaron gleeman,aaron gleeman,1
646081,Article,aaron gleeman,aaron gleeman,1
646096,Article,aaron gleeman,aaron gleeman,1
646184,Article,aaron gleeman,aaron gleeman,1
646113,Article,aaron gleeman,aaron gleeman,1
646239,Article,aaron gleeman,aaron gleeman,1
646328,Article,aaron gleeman,aaron gleeman,1
646327,Article,aaron gleeman,aaron gleeman,1
646816,Tweet,aaron gleeman,shams charania,2
646869,Tweet,aaron gleeman,luke winkie,57
646918,Tweet,aaron gleeman,aaron gleeman,1
646592,Tweet,aaron gleeman,aaron gleeman,1
646443,Tweet,aaron gleeman,shams charania,2
646493,Tweet,aaron gleeman,aaron gleeman,1
646724,Tweet,aaron gleeman,aaron gleeman,1
646699,Tweet,aaron gleeman,bill plaschke,2
646710,Tweet,aaron gleeman,aaron gleeman,1
646662,Tweet,aaron gleeman,steve mirsky,59
646347,Tweet,aaron gleeman,aaron gleeman,1
646715,Tweet,aaron gleeman,aaron gleeman,1
646425,Tweet,aaron gleeman,aaron gleeman,1
646802,Tweet,aaron gleeman,bill plaschke,3
646621,Tweet,aaron gleeman,jamil smith,35
304255,Article,alex wagner,ben mathis-lilley,2
304244,Article,alex wagner,alex wagner,1
304250,Article,alex wagner,alex wagner,1
304249,Article,alex wagner,jamil smith,19
304268,Article,alex wagner,alex wagner,1
304252,Article,alex wagner,ashley feinberg,3
304228,Article,alex wagner,jay newton-small,3
304235,Article,alex wagner,alex wagner,1
304240,Article,alex wagner,james fallows,39
304232,Article,alex wagner,ryan grim,2
304261,Article,alex wagner,molly o’toole,10
304225,Article,alex wagner,alex wagner,1
304229,Article,alex wagner,alex wagner,1
304243,Article,alex wagner,alex wagner,1
304224,Article,alex wagner,molly o’toole,4
304632,Tweet,alex wagner,ryan grim,10
304375,Tweet,alex wagner,molly o’toole,2
304726,Tweet,alex wagner,caitlin moran,17
304503,Tweet,alex wagner,ryan grim,12
304507,Tweet,alex wagner,luke winkie,16
304791,Tweet,alex wagner,eric alterman,5
304293,Tweet,alex wagner,shams charania,17
304857,Tweet,alex wagner,jay newton-small,37
304628,Tweet,alex wagner,luke winkie,11
304590,Tweet,alex wagner,alexis madrigal,6
304303,Tweet,alex wagner,dahlia lithwick,2
304513,Tweet,alex wagner,john mcwhorter,6
304717,Tweet,alex wagner,harry mount,9
304678,Tweet,alex wagner,eric alterman,21
304292,Tweet,alex wagner,nate silver,13
758275,Article,alexis madrigal,jamil smith,24
758395,Article,alexis madrigal,nicholas thompson,3
758322,Article,alexis madrigal,nicholas thompson,2
758384,Article,alexis madrigal,karen tumulty,14
758366,Article,alexis madrigal,ashley feinberg,11
758317,Article,alexis madrigal,tom simonite,4
758255,Article,alexis madrigal,emily willingham,14
758327,Article,alexis madrigal,alexis madrigal,1
758399,Article,alexis madrigal,nicholas thompson,4
758281,Article,alexis madrigal,erin gloria ryan,6
758319,Article,alexis madrigal,nicholas thompson,3
758426,Article,alexis madrigal,ben mathis-lilley,20
758290,Article,alexis madrigal,emily willingham,10
758323,Article,alexis madrigal,nicholas thompson,4
758338,Article,alexis madrigal,ed yong,7
759055,Tweet,alexis madrigal,eric alterman,23
758470,Tweet,alexis madrigal,jamil smith,12
758515,Tweet,alexis madrigal,evan narcisse,12
758611,Tweet,alexis madrigal,aris roussinos,8
758645,Tweet,alexis madrigal,steve mirsky,33
758821,Tweet,alexis madrigal,lorraine ali,17
759019,Tweet,alexis madrigal,jon wiener,8
759010,Tweet,alexis madrigal,alex wagner,10
758720,Tweet,alexis madrigal,brian crecente,7
758718,Tweet,alexis madrigal,kate wong,15
758783,Tweet,alexis madrigal,bill plaschke,8
758993,Tweet,alexis madrigal,erin gloria ryan,21
758758,Tweet,alexis madrigal,kate wong,6
758899,Tweet,alexis madrigal,lori gottlieb,5
758603,Tweet,alexis madrigal,ashley feinberg,23
470504,Article,aris roussinos,jeremy scahill,16
470454,Article,aris roussinos,aris roussinos,1
470465,Article,aris roussinos,aris roussinos,1
470405,Article,aris roussinos,david patrikarakos,2
470523,Article,aris roussinos,jonathan kay,2
470518,Article,aris roussinos,david patrikarakos,3
470416,Article,aris roussinos,aris roussinos,1
470521,Article,aris roussinos,david patrikarakos,2
470536,Article,aris roussinos,aris roussinos,1
470534,Article,aris roussinos,aris roussinos,1
470413,Article,aris roussinos,aris roussinos,1
470509,Article,aris roussinos,aris roussinos,1
470560,Article,aris roussinos,jeremy scahill,22
470530,Article,aris roussinos,aris roussinos,1
470408,Article,aris roussinos,aris roussinos,1
470781,Tweet,aris roussinos,katrina vanden heuvel,25
470759,Tweet,aris roussinos,shane harris,18
470674,Tweet,aris roussinos,bronwen maddox,12
470663,Tweet,aris roussinos,sam leith,5
470736,Tweet,aris roussinos,aris roussinos,1
470651,Tweet,aris roussinos,caitlin moran,7
470673,Tweet,aris roussinos,shane harris,28
470735,Tweet,aris roussinos,jamil smith,40
470576,Tweet,aris roussinos,olga khazan,3
470775,Tweet,aris roussinos,alex wagner,23
470819,Tweet,aris roussinos,lori gottlieb,6
470704,Tweet,aris roussinos,sarah jaffe,44
470672,Tweet,aris roussinos,steve mirsky,51
470794,Tweet,aris roussinos,evan narcisse,14
470563,Tweet,aris roussinos,jon wiener,8
452289,Article,ashley feinberg,ben mathis-lilley,4
452283,Article,ashley feinberg,ryan grim,2
452298,Article,ashley feinberg,ashley feinberg,1
452329,Article,ashley feinberg,tom simonite,10
452295,Article,ashley feinberg,ashley feinberg,1
452309,Article,ashley feinberg,tom simonite,5
452270,Article,ashley feinberg,shane harris,24
452275,Article,ashley feinberg,alex wagner,4
452316,Article,ashley feinberg,alex wagner,6
452302,Article,ashley feinberg,ashley feinberg,1
452271,Article,ashley feinberg,alex wagner,4
452280,Article,ashley feinberg,ashley feinberg,1
452322,Article,ashley feinberg,james delingpole,26
452318,Article,ashley feinberg,ashley feinberg,1
452323,Article,ashley feinberg,ashley feinberg,1
452588,Tweet,ashley feinberg,sarah jaffe,13
452481,Tweet,ashley feinberg,ashley feinberg,1
452388,Tweet,ashley feinberg,luke winkie,4
452507,Tweet,ashley feinberg,jonathan kay,7
452695,Tweet,ashley feinberg,sarah jaffe,18
452668,Tweet,ashley feinberg,jamil smith,3
452764,Tweet,ashley feinberg,sarah jaffe,6
452527,Tweet,ashley feinberg,alex wagner,14
452586,Tweet,ashley feinberg,ashley feinberg,1
452441,Tweet,ashley feinberg,sarah jaffe,4
452800,Tweet,ashley feinberg,shane harris,5
452843,Tweet,ashley feinberg,erin gloria ryan,3
452362,Tweet,ashley feinberg,luke winkie,4
452424,Tweet,ashley feinberg,erin gloria ryan,10
452360,Tweet,ashley feinberg,luke winkie,2
411637,Article,ben mathis-lilley,alex wagner,4
411638,Article,ben mathis-lilley,alex wagner,4
411631,Article,ben mathis-lilley,dahlia lithwick,2
411589,Article,ben mathis-lilley,ben mathis-lilley,1
411607,Article,ben mathis-lilley,sarah jaffe,4
411587,Article,ben mathis-lilley,charles hurt,2
411641,Article,ben mathis-lilley,ashley feinberg,4
411626,Article,ben mathis-lilley,eli stokols,4
411596,Article,ben mathis-lilley,nate silver,2
411624,Article,ben mathis-lilley,alex wagner,10
411598,Article,ben mathis-lilley,ryan grim,2
411618,Article,ben mathis-lilley,eli stokols,4
411603,Article,ben mathis-lilley,ben mathis-lilley,1
411616,Article,ben mathis-lilley,ryan grim,3
411594,Article,ben mathis-lilley,eli stokols,3
411675,Tweet,ben mathis-lilley,justin chang,12
412059,Tweet,ben mathis-lilley,shams charania,4
411899,Tweet,ben mathis-lilley,alex wagner,3
411802,Tweet,ben mathis-lilley,john mcwhorter,14
411740,Tweet,ben mathis-lilley,brian crecente,7
412103,Tweet,ben mathis-lilley,lori gottlieb,12
412216,Tweet,ben mathis-lilley,shams charania,2
411956,Tweet,ben mathis-lilley,ashley feinberg,6
411852,Tweet,ben mathis-lilley,bill plaschke,2
411850,Tweet,ben mathis-lilley,dahlia lithwick,2
411779,Tweet,ben mathis-lilley,luke winkie,19
411812,Tweet,ben mathis-lilley,nicholas thompson,13
411898,Tweet,ben mathis-lilley,brian crecente,30
412159,Tweet,ben mathis-lilley,karen tumulty,3
411790,Tweet,ben mathis-lilley,ashley feinberg,5
981011,Article,bill plaschke,bill plaschke,1
981025,Article,bill plaschke,bill plaschke,1
980985,Article,bill plaschke,bill plaschke,1
981014,Article,bill plaschke,bill plaschke,1
981002,Article,bill plaschke,bill plaschke,1
980998,Article,bill plaschke,shams charania,3
981005,Article,bill plaschke,bill plaschke,1
981006,Article,bill plaschke,bill plaschke,1
981034,Article,bill plaschke,bill plaschke,1
980993,Article,bill plaschke,bill plaschke,1
981024,Article,bill plaschke,bill plaschke,1
981026,Article,bill plaschke,bill plaschke,1
981007,Article,bill plaschke,bill plaschke,1
980991,Article,bill plaschke,bill plaschke,1
981003,Article,bill plaschke,bill plaschke,1
981553,Tweet,bill plaschke,bill plaschke,1
981284,Tweet,bill plaschke,bill plaschke,1
981126,Tweet,bill plaschke,bill plaschke,1
981419,Tweet,bill plaschke,shams charania,9
981600,Tweet,bill plaschke,bill plaschke,1
981084,Tweet,bill plaschke,bill plaschke,1
981467,Tweet,bill plaschke,nicholas thompson,5
981157,Tweet,bill plaschke,bill plaschke,1
981102,Tweet,bill plaschke,bill plaschke,1
981279,Tweet,bill plaschke,bill plaschke,1
981245,Tweet,bill plaschke,bill plaschke,1
981248,Tweet,bill plaschke,caitlin moran,53
981359,Tweet,bill plaschke,molly o’toole,12
981537,Tweet,bill plaschke,bill plaschke,1
981570,Tweet,bill plaschke,eric alterman,11
1225264,Article,brian crecente,brian crecente,1
1224266,Article,brian crecente,brian crecente,1
1224678,Article,brian crecente,brian crecente,1
1224090,Article,brian crecente,brian crecente,1
1224636,Article,brian crecente,brian crecente,1
1225109,Article,brian crecente,brian crecente,1
1224597,Article,brian crecente,brian crecente,1
1224560,Article,brian crecente,evan narcisse,2
1224996,Article,brian crecente,brian crecente,1
1225118,Article,brian crecente,brian crecente,1
1224374,Article,brian crecente,brian crecente,1
1224705,Article,brian crecente,brian crecente,1
1224856,Article,brian crecente,brian crecente,1
1224310,Article,brian crecente,brian crecente,1
1224591,Article,brian crecente,evan narcisse,2
1225847,Tweet,brian crecente,lorraine ali,8
1225613,Tweet,brian crecente,ashley feinberg,18
1225307,Tweet,brian crecente,harry mccracken,2
1225404,Tweet,brian crecente,caitlin moran,37
1225454,Tweet,brian crecente,olga khazan,25
1225868,Tweet,brian crecente,ashley feinberg,3
1225599,Tweet,brian crecente,sarah baxter,44
1225663,Tweet,brian crecente,sam leith,58
1225309,Tweet,brian crecente,lloyd grove,60
1225430,Tweet,brian crecente,karen tumulty,42
1225479,Tweet,brian crecente,brian crecente,1
1225589,Tweet,brian crecente,ben mathis-lilley,33
1225342,Tweet,brian crecente,dahlia lithwick,54
1225756,Tweet,brian crecente,karen tumulty,40
1225740,Tweet,brian crecente,jonathan kay,50
1034684,Article,bronwen maddox,bronwen maddox,1
1034677,Article,bronwen maddox,bronwen maddox,1
1034689,Article,bronwen maddox,bronwen maddox,1
1034683,Article,bronwen maddox,bronwen maddox,1
1034618,Article,bronwen maddox,bronwen maddox,1
1034626,Article,bronwen maddox,bronwen maddox,1
1034610,Article,bronwen maddox,bronwen maddox,1
1034622,Article,bronwen maddox,bronwen maddox,1
1034662,Article,bronwen maddox,karen tumulty,2
1034615,Article,bronwen maddox,bronwen maddox,1
1034619,Article,bronwen maddox,bronwen maddox,1
1034636,Article,bronwen maddox,bronwen maddox,1
1034710,Article,bronwen maddox,bronwen maddox,1
1034606,Article,bronwen maddox,bronwen maddox,1
1034649,Article,bronwen maddox,bronwen maddox,1
1035184,Tweet,bronwen maddox,harry mccracken,59
1034982,Tweet,bronwen maddox,karen tumulty,31
1034929,Tweet,bronwen maddox,bronwen maddox,1
1035288,Tweet,bronwen maddox,jo marchant,2
1034802,Tweet,bronwen maddox,james delingpole,4
1034870,Tweet,bronwen maddox,james delingpole,4
1034715,Tweet,bronwen maddox,bronwen maddox,1
1035002,Tweet,bronwen maddox,matt ridley,26
1035062,Tweet,bronwen maddox,bronwen maddox,1
1035010,Tweet,bronwen maddox,bronwen maddox,1
1035143,Tweet,bronwen maddox,mary wakefield,3
1035188,Tweet,bronwen maddox,jo marchant,2
1035293,Tweet,bronwen maddox,eric alterman,6
1034718,Tweet,bronwen maddox,matt ridley,18
1034880,Tweet,bronwen maddox,bronwen maddox,1
517668,Article,caitlin moran,bronwen maddox,6
517690,Article,caitlin moran,mary wakefield,3
517659,Article,caitlin moran,james delingpole,2
517632,Article,caitlin moran,caitlin moran,1
517658,Article,caitlin moran,caitlin moran,1
517624,Article,caitlin moran,mary wakefield,2
517641,Article,caitlin moran,bronwen maddox,6
517627,Article,caitlin moran,mary wakefield,4
517670,Article,caitlin moran,bronwen maddox,2
517676,Article,caitlin moran,caitlin moran,1
517680,Article,caitlin moran,mary wakefield,2
517645,Article,caitlin moran,caitlin moran,1
517631,Article,caitlin moran,mary wakefield,2
517638,Article,caitlin moran,mary wakefield,5
517650,Article,caitlin moran,aris roussinos,14
517784,Tweet,caitlin moran,caitlin moran,1
517869,Tweet,caitlin moran,jenna price,4
517932,Tweet,caitlin moran,ashley feinberg,29
518167,Tweet,caitlin moran,james delingpole,7
518225,Tweet,caitlin moran,caitlin moran,1
518266,Tweet,caitlin moran,harry mount,2
517840,Tweet,caitlin moran,caitlin moran,1
518163,Tweet,caitlin moran,alex wagner,43
517724,Tweet,caitlin moran,bronwen maddox,2
518165,Tweet,caitlin moran,hanna rosin,26
517792,Tweet,caitlin moran,caitlin moran,1
518203,Tweet,caitlin moran,luke winkie,41
517952,Tweet,caitlin moran,caitlin moran,1
517885,Tweet,caitlin moran,luke winkie,30
518152,Tweet,caitlin moran,alex wagner,9
594354,Article,charles hurt,eric alterman,2
594495,Article,charles hurt,charles hurt,1
594515,Article,charles hurt,katrina vanden heuvel,2
594520,Article,charles hurt,lloyd grove,2
594424,Article,charles hurt,mary wakefield,7
594526,Article,charles hurt,charles hurt,1
594347,Article,charles hurt,karen tumulty,6
594395,Article,charles hurt,harry mount,2
594508,Article,charles hurt,charles hurt,1
594447,Article,charles hurt,dahlia lithwick,4
594426,Article,charles hurt,eli stokols,4
594518,Article,charles hurt,charles hurt,1
594378,Article,charles hurt,ryan grim,7
594462,Article,charles hurt,lloyd grove,3
594650,Article,charles hurt,eric alterman,2
594712,Tweet,charles hurt,jonathan kay,42
594681,Tweet,charles hurt,lloyd grove,4
594717,Tweet,charles hurt,alex wagner,39
594720,Tweet,charles hurt,eric alterman,2
594719,Tweet,charles hurt,charles hurt,1
594684,Tweet,charles hurt,sabrina maddeaux,21
594659,Tweet,charles hurt,karen tumulty,7
594690,Tweet,charles hurt,hanna rosin,43
594676,Tweet,charles hurt,sam leith,22
594722,Tweet,charles hurt,eli stokols,6
594658,Tweet,charles hurt,aris roussinos,17
594671,Tweet,charles hurt,shane harris,6
594708,Tweet,charles hurt,eric alterman,14
594689,Tweet,charles hurt,harry mount,13
594669,Tweet,charles hurt,philip oltermann,2
659322,Article,christie blatchford,sabrina maddeaux,2
659346,Article,christie blatchford,christie blatchford,1
659317,Article,christie blatchford,christie blatchford,1
659315,Article,christie blatchford,christie blatchford,1
659344,Article,christie blatchford,christie blatchford,1
659332,Article,christie blatchford,christie blatchford,1
659352,Article,christie blatchford,christie blatchford,1
659313,Article,christie blatchford,christie blatchford,1
659350,Article,christie blatchford,christie blatchford,1
659311,Article,christie blatchford,mary wakefield,4
659316,Article,christie blatchford,sabrina maddeaux,12
659356,Article,christie blatchford,christie blatchford,1
659325,Article,christie blatchford,jenna price,4
659329,Article,christie blatchford,jonathan kay,14
659355,Article,christie blatchford,christie blatchford,1
659947,Tweet,christie blatchford,christie blatchford,1
659895,Tweet,christie blatchford,christie blatchford,1
659749,Tweet,christie blatchford,christie blatchford,1
659761,Tweet,christie blatchford,harry mccracken,2
659497,Tweet,christie blatchford,harry mount,10
659786,Tweet,christie blatchford,justin chang,7
659958,Tweet,christie blatchford,luke winkie,26
659665,Tweet,christie blatchford,bronwen maddox,3
659436,Tweet,christie blatchford,jenna price,14
659915,Tweet,christie blatchford,john mcwhorter,24
659881,Tweet,christie blatchford,sam leith,12
659446,Tweet,christie blatchford,christie blatchford,1
659385,Tweet,christie blatchford,christie blatchford,1
659387,Tweet,christie blatchford,christie blatchford,1
659547,Tweet,christie blatchford,bronwen maddox,5
674048,Article,dahlia lithwick,dahlia lithwick,1
674034,Article,dahlia lithwick,erin gloria ryan,2
674057,Article,dahlia lithwick,dahlia lithwick,1
674031,Article,dahlia lithwick,jamil smith,5
674039,Article,dahlia lithwick,philip oltermann,5
674067,Article,dahlia lithwick,dahlia lithwick,1
673995,Article,dahlia lithwick,shams charania,9
674065,Article,dahlia lithwick,dahlia lithwick,1
674073,Article,dahlia lithwick,dahlia lithwick,1
674051,Article,dahlia lithwick,dahlia lithwick,1
674070,Article,dahlia lithwick,ryan grim,2
674045,Article,dahlia lithwick,dahlia lithwick,1
674011,Article,dahlia lithwick,dahlia lithwick,1
673999,Article,dahlia lithwick,jamil smith,3
674021,Article,dahlia lithwick,dahlia lithwick,1
674132,Tweet,dahlia lithwick,christie blatchford,24
674085,Tweet,dahlia lithwick,alex wagner,3
674074,Tweet,dahlia lithwick,caitlin moran,4
674121,Tweet,dahlia lithwick,eric alterman,12
674128,Tweet,dahlia lithwick,molly o’toole,23
674099,Tweet,dahlia lithwick,jonathan kay,29
674116,Tweet,dahlia lithwick,alex wagner,7
674124,Tweet,dahlia lithwick,shams charania,37
674096,Tweet,dahlia lithwick,emily willingham,18
674118,Tweet,dahlia lithwick,john mcwhorter,22
674100,Tweet,dahlia lithwick,ryan grim,20
674106,Tweet,dahlia lithwick,caitlin moran,33
674079,Tweet,dahlia lithwick,sarah jaffe,36
674129,Tweet,dahlia lithwick,charles hurt,21
674092,Tweet,dahlia lithwick,harry mount,21
858806,Article,david patrikarakos,philip oltermann,2
858797,Article,david patrikarakos,david patrikarakos,1
858815,Article,david patrikarakos,lloyd grove,2
858820,Article,david patrikarakos,david patrikarakos,1
858819,Article,david patrikarakos,david patrikarakos,1
858816,Article,david patrikarakos,david patrikarakos,1
858831,Article,david patrikarakos,lloyd grove,3
858776,Article,david patrikarakos,david patrikarakos,1
858763,Article,david patrikarakos,david patrikarakos,1
858779,Article,david patrikarakos,david patrikarakos,1
858810,Article,david patrikarakos,eric alterman,9
858765,Article,david patrikarakos,aris roussinos,4
858780,Article,david patrikarakos,yaakov katz,2
858773,Article,david patrikarakos,david patrikarakos,1
858796,Article,david patrikarakos,david patrikarakos,1
859338,Tweet,david patrikarakos,david patrikarakos,1
859297,Tweet,david patrikarakos,mary wakefield,13
859189,Tweet,david patrikarakos,joel stein,51
859010,Tweet,david patrikarakos,caitlin moran,12
859165,Tweet,david patrikarakos,bronwen maddox,11
859416,Tweet,david patrikarakos,david patrikarakos,1
859207,Tweet,david patrikarakos,james delingpole,10
859354,Tweet,david patrikarakos,christie blatchford,6
859098,Tweet,david patrikarakos,eric alterman,34
859188,Tweet,david patrikarakos,aris roussinos,14
859293,Tweet,david patrikarakos,yaakov katz,2
858933,Tweet,david patrikarakos,yaakov katz,7
858909,Tweet,david patrikarakos,david patrikarakos,1
858928,Tweet,david patrikarakos,jeremy scahill,15
859157,Tweet,david patrikarakos,eric alterman,29
382848,Article,ed yong,jo marchant,3
382925,Article,ed yong,ed yong,1
382866,Article,ed yong,ed yong,1
383125,Article,ed yong,luke winkie,8
382926,Article,ed yong,ed yong,1
383126,Article,ed yong,ed yong,1
383058,Article,ed yong,kate wong,8
383018,Article,ed yong,kate wong,5
382988,Article,ed yong,emily willingham,3
383081,Article,ed yong,jo marchant,3
383113,Article,ed yong,ed yong,1
383064,Article,ed yong,kate wong,3
382921,Article,ed yong,tom simonite,2
383104,Article,ed yong,kate wong,2
383097,Article,ed yong,james delingpole,22
383612,Tweet,ed yong,ed yong,1
383630,Tweet,ed yong,ed yong,1
383656,Tweet,ed yong,james fallows,10
383353,Tweet,ed yong,evan narcisse,23
383264,Tweet,ed yong,olga khazan,4
383417,Tweet,ed yong,jenna price,25
383144,Tweet,ed yong,lorraine ali,19
383710,Tweet,ed yong,ed yong,1
383309,Tweet,ed yong,emily willingham,2
383615,Tweet,ed yong,erin gloria ryan,20
383370,Tweet,ed yong,sarah jaffe,24
383161,Tweet,ed yong,christie blatchford,45
383716,Tweet,ed yong,ed yong,1
383154,Tweet,ed yong,sarah jaffe,18
383608,Tweet,ed yong,jon wiener,50
601708,Article,eli stokols,shane harris,8
601692,Article,eli stokols,eli stokols,1
601667,Article,eli stokols,eli stokols,1
601694,Article,eli stokols,shane harris,4
601691,Article,eli stokols,eli stokols,1
601690,Article,eli stokols,ryan grim,2
601679,Article,eli stokols,eli stokols,1
601673,Article,eli stokols,eli stokols,1
601696,Article,eli stokols,lloyd grove,3
601672,Article,eli stokols,eli stokols,1
601689,Article,eli stokols,shane harris,4
601709,Article,eli stokols,eli stokols,1
601697,Article,eli stokols,eli stokols,1
601704,Article,eli stokols,shane harris,2
601703,Article,eli stokols,shane harris,3
602113,Tweet,eli stokols,eli stokols,1
601968,Tweet,eli stokols,erin gloria ryan,41
602054,Tweet,eli stokols,jon wiener,5
601782,Tweet,eli stokols,olga khazan,19
602189,Tweet,eli stokols,ryan grim,2
602014,Tweet,eli stokols,alex wagner,6
602058,Tweet,eli stokols,molly o’toole,2
602141,Tweet,eli stokols,eric alterman,54
601800,Tweet,eli stokols,eli stokols,1
601961,Tweet,eli stokols,eli stokols,1
602171,Tweet,eli stokols,shane harris,7
602126,Tweet,eli stokols,molly o’toole,8
602062,Tweet,eli stokols,molly o’toole,3
602050,Tweet,eli stokols,jenna price,42
602191,Tweet,eli stokols,joshua green,2
698216,Article,emily willingham,erin gloria ryan,13
698187,Article,emily willingham,kate wong,3
698178,Article,emily willingham,ed yong,2
698193,Article,emily willingham,ed yong,13
698183,Article,emily willingham,tom simonite,2
698218,Article,emily willingham,kate wong,2
698215,Article,emily willingham,molly o’toole,11
698220,Article,emily willingham,emily willingham,1
698236,Article,emily willingham,olga khazan,15
698205,Article,emily willingham,kate wong,5
698221,Article,emily willingham,emily willingham,1
698203,Article,emily willingham,kate wong,3
698199,Article,emily willingham,jay newton-small,3
698197,Article,emily willingham,jo marchant,5
698208,Article,emily willingham,kate wong,6
698686,Tweet,emily willingham,olga khazan,2
698357,Tweet,emily willingham,jay newton-small,4
698277,Tweet,emily willingham,john mcwhorter,24
698754,Tweet,emily willingham,olga khazan,21
698819,Tweet,emily willingham,alex wagner,21
698534,Tweet,emily willingham,eric alterman,5
698350,Tweet,emily willingham,harry mccracken,3
698803,Tweet,emily willingham,dahlia lithwick,35
698443,Tweet,emily willingham,ryan grim,11
698252,Tweet,emily willingham,harry mount,36
698587,Tweet,emily willingham,erin gloria ryan,6
698451,Tweet,emily willingham,david patrikarakos,31
698556,Tweet,emily willingham,lori gottlieb,12
698410,Tweet,emily willingham,bill plaschke,33
698589,Tweet,emily willingham,ashley feinberg,19
532647,Article,eric alterman,eric alterman,1
532562,Article,eric alterman,eric alterman,1
532534,Article,eric alterman,karen tumulty,15
532580,Article,eric alterman,eric alterman,1
532542,Article,eric alterman,joshua green,7
532665,Article,eric alterman,eric alterman,1
532579,Article,eric alterman,eric alterman,1
532654,Article,eric alterman,jon wiener,4
532588,Article,eric alterman,ben mathis-lilley,17
532550,Article,eric alterman,ryan grim,7
532549,Article,eric alterman,yaakov katz,5
532634,Article,eric alterman,jon wiener,3
532610,Article,eric alterman,eric alterman,1
532608,Article,eric alterman,yaakov katz,3
532642,Article,eric alterman,eric alterman,1
532908,Tweet,eric alterman,lorraine ali,50
532705,Tweet,eric alterman,eric alterman,1
532674,Tweet,eric alterman,joshua green,3
533055,Tweet,eric alterman,christie blatchford,15
533183,Tweet,eric alterman,molly o’toole,40
532891,Tweet,eric alterman,sarah baxter,16
532943,Tweet,eric alterman,hanna rosin,7
532952,Tweet,eric alterman,lloyd grove,15
532859,Tweet,eric alterman,harry mount,2
532820,Tweet,eric alterman,jenna price,10
532757,Tweet,eric alterman,steve mirsky,14
532825,Tweet,eric alterman,yaakov katz,27
533144,Tweet,eric alterman,nate silver,6
532948,Tweet,eric alterman,eric alterman,1
533225,Tweet,eric alterman,caitlin moran,3
1054151,Article,erin gloria ryan,lori gottlieb,3
1054028,Article,erin gloria ryan,erin gloria ryan,1
1054135,Article,erin gloria ryan,karen tumulty,18
1054199,Article,erin gloria ryan,erin gloria ryan,1
1054193,Article,erin gloria ryan,james fallows,18
1054146,Article,erin gloria ryan,olga khazan,7
1054058,Article,erin gloria ryan,lloyd grove,2
1054095,Article,erin gloria ryan,erin gloria ryan,1
1054205,Article,erin gloria ryan,eric alterman,4
1054123,Article,erin gloria ryan,erin gloria ryan,1
1054120,Article,erin gloria ryan,alex wagner,3
1054118,Article,erin gloria ryan,erin gloria ryan,1
1054107,Article,erin gloria ryan,dahlia lithwick,7
1054018,Article,erin gloria ryan,erin gloria ryan,1
1054090,Article,erin gloria ryan,erin gloria ryan,1
1054680,Tweet,erin gloria ryan,brian crecente,10
1054547,Tweet,erin gloria ryan,alexis madrigal,10
1054352,Tweet,erin gloria ryan,harry mccracken,17
1054722,Tweet,erin gloria ryan,ashley feinberg,2
1054516,Tweet,erin gloria ryan,erin gloria ryan,1
1054260,Tweet,erin gloria ryan,brian crecente,4
1054441,Tweet,erin gloria ryan,luke winkie,3
1054221,Tweet,erin gloria ryan,luke winkie,7
1054704,Tweet,erin gloria ryan,erin gloria ryan,1
1054313,Tweet,erin gloria ryan,luke winkie,7
1054405,Tweet,erin gloria ryan,shams charania,14
1054632,Tweet,erin gloria ryan,jonathan kay,6
1054587,Tweet,erin gloria ryan,shams charania,11
1054487,Tweet,erin gloria ryan,jay newton-small,23
1054693,Tweet,erin gloria ryan,erin gloria ryan,1
466174,Article,evan narcisse,jamil smith,2
466175,Article,evan narcisse,brian crecente,2
466137,Article,evan narcisse,brian crecente,2
466190,Article,evan narcisse,alex wagner,2
466118,Article,evan narcisse,brian crecente,2
466121,Article,evan narcisse,evan narcisse,1
466101,Article,evan narcisse,brian crecente,2
466191,Article,evan narcisse,evan narcisse,1
466119,Article,evan narcisse,brian crecente,2
466131,Article,evan narcisse,evan narcisse,1
466160,Article,evan narcisse,evan narcisse,1
466150,Article,evan narcisse,evan narcisse,1
466212,Article,evan narcisse,brian crecente,2
466099,Article,evan narcisse,evan narcisse,1
466113,Article,evan narcisse,evan narcisse,1
466703,Tweet,evan narcisse,jamil smith,20
466688,Tweet,evan narcisse,eric alterman,46
466610,Tweet,evan narcisse,erin gloria ryan,39
466768,Tweet,evan narcisse,harry mccracken,6
466641,Tweet,evan narcisse,luke winkie,5
466600,Tweet,evan narcisse,luke winkie,2
466812,Tweet,evan narcisse,jeremy scahill,54
466349,Tweet,evan narcisse,brian crecente,2
466473,Tweet,evan narcisse,brian crecente,4
466295,Tweet,evan narcisse,lori gottlieb,2
466397,Tweet,evan narcisse,alexis madrigal,21
466723,Tweet,evan narcisse,hanna rosin,11
466539,Tweet,evan narcisse,jamil smith,14
466233,Tweet,evan narcisse,alexis madrigal,20
466569,Tweet,evan narcisse,brian crecente,2
974652,Article,hanna rosin,joshua green,22
974643,Article,hanna rosin,luke winkie,11
974628,Article,hanna rosin,joshua green,9
974617,Article,hanna rosin,alex wagner,7
974659,Article,hanna rosin,jamil smith,6
974621,Article,hanna rosin,lorraine ali,9
974656,Article,hanna rosin,christie blatchford,4
974662,Article,hanna rosin,eric alterman,15
974651,Article,hanna rosin,olga khazan,24
974658,Article,hanna rosin,joshua green,8
974646,Article,hanna rosin,lori gottlieb,5
974627,Article,hanna rosin,james fallows,2
974629,Article,hanna rosin,john mcwhorter,14
974633,Article,hanna rosin,hanna rosin,1
974650,Article,hanna rosin,karen tumulty,2
975086,Tweet,hanna rosin,caitlin moran,12
974800,Tweet,hanna rosin,olga khazan,35
974873,Tweet,hanna rosin,alex wagner,8
975144,Tweet,hanna rosin,jay newton-small,17
974807,Tweet,hanna rosin,jay newton-small,4
974964,Tweet,hanna rosin,alex wagner,10
974947,Tweet,hanna rosin,lori gottlieb,6
975078,Tweet,hanna rosin,ryan grim,47
975222,Tweet,hanna rosin,justin chang,34
975193,Tweet,hanna rosin,hanna rosin,1
975249,Tweet,hanna rosin,jeremy scahill,19
974798,Tweet,hanna rosin,lloyd grove,24
975214,Tweet,hanna rosin,james fallows,9
974900,Tweet,hanna rosin,luke winkie,11
974980,Tweet,hanna rosin,brian crecente,12
754876,Article,harry mccracken,harry mccracken,1
754901,Article,harry mccracken,nicholas thompson,2
754936,Article,harry mccracken,harry mccracken,1
754956,Article,harry mccracken,joel stein,4
754958,Article,harry mccracken,harry mccracken,1
754939,Article,harry mccracken,harry mccracken,1
754920,Article,harry mccracken,harry mccracken,1
754900,Article,harry mccracken,harry mccracken,1
754923,Article,harry mccracken,harry mccracken,1
754962,Article,harry mccracken,luke winkie,22
754937,Article,harry mccracken,alexis madrigal,3
754926,Article,harry mccracken,nicholas thompson,2
754882,Article,harry mccracken,harry mccracken,1
754908,Article,harry mccracken,harry mccracken,1
754945,Article,harry mccracken,harry mccracken,1
755286,Tweet,harry mccracken,brian crecente,16
755132,Tweet,harry mccracken,james fallows,16
755055,Tweet,harry mccracken,harry mccracken,1
755430,Tweet,harry mccracken,bronwen maddox,22
755138,Tweet,harry mccracken,eric alterman,57
755403,Tweet,harry mccracken,luke winkie,2
755045,Tweet,harry mccracken,james delingpole,38
755167,Tweet,harry mccracken,charles hurt,50
755162,Tweet,harry mccracken,christie blatchford,29
755020,Tweet,harry mccracken,alex wagner,33
755252,Tweet,harry mccracken,emily willingham,3
755281,Tweet,harry mccracken,christie blatchford,39
755546,Tweet,harry mccracken,matt ridley,43
754977,Tweet,harry mccracken,harry mccracken,1
755032,Tweet,harry mccracken,james fallows,7
1154869,Article,harry mount,sarah baxter,3
1154825,Article,harry mount,mary wakefield,2
1154817,Article,harry mount,harry mount,1
1154790,Article,harry mount,harry mount,1
1154776,Article,harry mount,aris roussinos,4
1154856,Article,harry mount,harry mount,1
1154848,Article,harry mount,bronwen maddox,5
1154828,Article,harry mount,harry mount,1
1154807,Article,harry mount,harry mount,1
1154863,Article,harry mount,sam leith,6
1154867,Article,harry mount,alex wagner,48
1154823,Article,harry mount,mary wakefield,3
1154801,Article,harry mount,harry mount,1
1154834,Article,harry mount,mary wakefield,3
1154850,Article,harry mount,mary wakefield,2
1155316,Tweet,harry mount,harry mount,1
1155330,Tweet,harry mount,harry mount,1
1155404,Tweet,harry mount,harry mount,1
1155189,Tweet,harry mount,harry mount,1
1155211,Tweet,harry mount,harry mount,1
1155126,Tweet,harry mount,harry mount,1
1155274,Tweet,harry mount,james delingpole,2
1154929,Tweet,harry mount,harry mount,1
1155370,Tweet,harry mount,eric alterman,2
1155471,Tweet,harry mount,bronwen maddox,6
1155150,Tweet,harry mount,harry mount,1
1155104,Tweet,harry mount,bronwen maddox,2
1155432,Tweet,harry mount,harry mount,1
1155148,Tweet,harry mount,harry mount,1
1155017,Tweet,harry mount,harry mount,1
327137,Article,james delingpole,caitlin moran,2
327085,Article,james delingpole,justin chang,6
327077,Article,james delingpole,james delingpole,1
327102,Article,james delingpole,harry mount,3
326949,Article,james delingpole,james delingpole,1
327161,Article,james delingpole,bronwen maddox,2
326970,Article,james delingpole,james delingpole,1
327111,Article,james delingpole,james delingpole,1
327081,Article,james delingpole,aris roussinos,7
327017,Article,james delingpole,james delingpole,1
327134,Article,james delingpole,james delingpole,1
327163,Article,james delingpole,caitlin moran,6
327067,Article,james delingpole,james delingpole,1
327054,Article,james delingpole,james delingpole,1
326930,Article,james delingpole,harry mount,2
327188,Tweet,james delingpole,lloyd grove,14
327310,Tweet,james delingpole,christie blatchford,12
327388,Tweet,james delingpole,luke winkie,46
327198,Tweet,james delingpole,evan narcisse,14
327443,Tweet,james delingpole,john mcwhorter,24
327262,Tweet,james delingpole,mary wakefield,2
327237,Tweet,james delingpole,aris roussinos,11
327546,Tweet,james delingpole,john mcwhorter,49
327291,Tweet,james delingpole,john mcwhorter,32
327518,Tweet,james delingpole,erin gloria ryan,39
327186,Tweet,james delingpole,aris roussinos,5
327445,Tweet,james delingpole,aris roussinos,8
327460,Tweet,james delingpole,steve mirsky,34
327202,Tweet,james delingpole,sarah baxter,2
327260,Tweet,james delingpole,jenna price,7
724244,Article,james fallows,david patrikarakos,7
724377,Article,james fallows,karen tumulty,5
724157,Article,james fallows,jamil smith,6
723614,Article,james fallows,joshua green,2
723532,Article,james fallows,bronwen maddox,3
724124,Article,james fallows,james fallows,1
723635,Article,james fallows,steve mirsky,2
724035,Article,james fallows,sam leith,34
723774,Article,james fallows,eric alterman,9
723799,Article,james fallows,eric alterman,9
723543,Article,james fallows,james fallows,1
723998,Article,james fallows,shane harris,3
724108,Article,james fallows,jonathan kay,9
724131,Article,james fallows,sarah jaffe,3
723685,Article,james fallows,james fallows,1
724859,Tweet,james fallows,lori gottlieb,5
724426,Tweet,james fallows,joshua green,2
724534,Tweet,james fallows,john mcwhorter,2
724849,Tweet,james fallows,dahlia lithwick,16
724716,Tweet,james fallows,bill plaschke,28
724817,Tweet,james fallows,john mcwhorter,2
724637,Tweet,james fallows,harry mccracken,17
724678,Tweet,james fallows,john mcwhorter,3
724757,Tweet,james fallows,james fallows,1
724522,Tweet,james fallows,jon wiener,5
724408,Tweet,james fallows,dahlia lithwick,15
724422,Tweet,james fallows,john mcwhorter,8
724525,Tweet,james fallows,steve mirsky,15
724651,Tweet,james fallows,nicholas thompson,18
724429,Tweet,james fallows,nate silver,2
235065,Article,jamil smith,jamil smith,1
235063,Article,jamil smith,joshua green,11
235068,Article,jamil smith,eric alterman,5
235087,Article,jamil smith,sarah jaffe,3
235073,Article,jamil smith,katrina vanden heuvel,2
235072,Article,jamil smith,shams charania,7
235060,Article,jamil smith,ryan grim,3
235043,Article,jamil smith,dahlia lithwick,4
235039,Article,jamil smith,jamil smith,1
235071,Article,jamil smith,dahlia lithwick,4
235090,Article,jamil smith,jamil smith,1
235050,Article,jamil smith,jamil smith,1
235051,Article,jamil smith,sarah jaffe,2
235077,Article,jamil smith,ryan grim,4
235093,Article,jamil smith,jamil smith,1
235563,Tweet,jamil smith,hanna rosin,38
235683,Tweet,jamil smith,alexis madrigal,46
235437,Tweet,jamil smith,john mcwhorter,11
235469,Tweet,jamil smith,jeremy scahill,3
235688,Tweet,jamil smith,jamil smith,1
235318,Tweet,jamil smith,alexis madrigal,5
235515,Tweet,jamil smith,john mcwhorter,10
235460,Tweet,jamil smith,joel stein,17
235445,Tweet,jamil smith,jon wiener,9
235425,Tweet,jamil smith,bill plaschke,5
235536,Tweet,jamil smith,molly o’toole,7
235526,Tweet,jamil smith,bill plaschke,4
235369,Tweet,jamil smith,jamil smith,1
235153,Tweet,jamil smith,harry mccracken,12
235546,Tweet,jamil smith,luke winkie,6
378460,Article,jay newton-small,ryan grim,16
378517,Article,jay newton-small,joshua green,21
378521,Article,jay newton-small,alex wagner,2
378471,Article,jay newton-small,eli stokols,3
378499,Article,jay newton-small,jay newton-small,1
378480,Article,jay newton-small,molly o’toole,3
378543,Article,jay newton-small,karen tumulty,3
378504,Article,jay newton-small,jeremy scahill,20
378500,Article,jay newton-small,jay newton-small,1
378452,Article,jay newton-small,david patrikarakos,32
378506,Article,jay newton-small,eli stokols,3
378498,Article,jay newton-small,jamil smith,12
378468,Article,jay newton-small,jay newton-small,1
378536,Article,jay newton-small,ryan grim,3
378511,Article,jay newton-small,ryan grim,12
379046,Tweet,jay newton-small,jeremy scahill,20
378697,Tweet,jay newton-small,lloyd grove,29
378547,Tweet,jay newton-small,bronwen maddox,38
378887,Tweet,jay newton-small,jamil smith,9
379049,Tweet,jay newton-small,lloyd grove,9
378644,Tweet,jay newton-small,ashley feinberg,8
379068,Tweet,jay newton-small,harry mccracken,38
378947,Tweet,jay newton-small,bronwen maddox,6
378605,Tweet,jay newton-small,charles hurt,9
378961,Tweet,jay newton-small,alex wagner,3
378716,Tweet,jay newton-small,jay newton-small,1
378950,Tweet,jay newton-small,jay newton-small,1
378804,Tweet,jay newton-small,joel stein,39
378871,Tweet,jay newton-small,eric alterman,13
378736,Tweet,jay newton-small,dahlia lithwick,19
1023942,Article,jenna price,jenna price,1
1023941,Article,jenna price,jenna price,1
1023974,Article,jenna price,jenna price,1
1023967,Article,jenna price,jenna price,1
1023940,Article,jenna price,jenna price,1
1023976,Article,jenna price,jenna price,1
1023959,Article,jenna price,jenna price,1
1023978,Article,jenna price,jenna price,1
1023958,Article,jenna price,jenna price,1
1023949,Article,jenna price,jenna price,1
1023945,Article,jenna price,jenna price,1
1023934,Article,jenna price,jenna price,1
1023954,Article,jenna price,jenna price,1
1023932,Article,jenna price,jenna price,1
1023966,Article,jenna price,jenna price,1
1024475,Tweet,jenna price,jenna price,1
1024314,Tweet,jenna price,lorraine ali,3
1024395,Tweet,jenna price,james delingpole,44
1024343,Tweet,jenna price,steve mirsky,3
1024286,Tweet,jenna price,jenna price,1
1024072,Tweet,jenna price,jenna price,1
1024295,Tweet,jenna price,lorraine ali,2
1024331,Tweet,jenna price,kate wong,15
1024102,Tweet,jenna price,jenna price,1
1023979,Tweet,jenna price,bill plaschke,23
1024231,Tweet,jenna price,john mcwhorter,10
1024030,Tweet,jenna price,jenna price,1
1024259,Tweet,jenna price,john mcwhorter,36
1024149,Tweet,jenna price,jenna price,1
1024035,Tweet,jenna price,sam leith,2
287288,Article,jeremy scahill,joshua green,17
287262,Article,jeremy scahill,jeremy scahill,1
287296,Article,jeremy scahill,jeremy scahill,1
287241,Article,jeremy scahill,jeremy scahill,1
287242,Article,jeremy scahill,jeremy scahill,1
287293,Article,jeremy scahill,jeremy scahill,1
287261,Article,jeremy scahill,jeremy scahill,1
287247,Article,jeremy scahill,jeremy scahill,1
287269,Article,jeremy scahill,jeremy scahill,1
287297,Article,jeremy scahill,jamil smith,22
287273,Article,jeremy scahill,eli stokols,2
287274,Article,jeremy scahill,jeremy scahill,1
287259,Article,jeremy scahill,shane harris,2
287300,Article,jeremy scahill,jeremy scahill,1
287302,Article,jeremy scahill,jeremy scahill,1
287337,Tweet,jeremy scahill,david patrikarakos,3
287660,Tweet,jeremy scahill,joshua green,13
287650,Tweet,jeremy scahill,joshua green,45
287522,Tweet,jeremy scahill,sarah jaffe,49
287515,Tweet,jeremy scahill,jeremy scahill,1
287502,Tweet,jeremy scahill,jeremy scahill,1
287363,Tweet,jeremy scahill,katrina vanden heuvel,4
287518,Tweet,jeremy scahill,jamil smith,3
287715,Tweet,jeremy scahill,alex wagner,9
287479,Tweet,jeremy scahill,jeremy scahill,1
287821,Tweet,jeremy scahill,molly o’toole,16
287395,Tweet,jeremy scahill,eli stokols,7
287599,Tweet,jeremy scahill,jeremy scahill,1
287697,Tweet,jeremy scahill,jeremy scahill,1
287424,Tweet,jeremy scahill,jeremy scahill,1
576450,Article,jo marchant,jo marchant,1
576392,Article,jo marchant,mary wakefield,7
576424,Article,jo marchant,eric alterman,35
576396,Article,jo marchant,kate wong,3
576426,Article,jo marchant,ed yong,5
576359,Article,jo marchant,bronwen maddox,6
576401,Article,jo marchant,kate wong,2
576418,Article,jo marchant,ed yong,4
576435,Article,jo marchant,jo marchant,1
576393,Article,jo marchant,james delingpole,8
576411,Article,jo marchant,jo marchant,1
576414,Article,jo marchant,harry mount,51
576381,Article,jo marchant,jo marchant,1
576387,Article,jo marchant,jo marchant,1
576443,Article,jo marchant,harry mount,8
577049,Tweet,jo marchant,jo marchant,1
577050,Tweet,jo marchant,alex wagner,47
576956,Tweet,jo marchant,nicholas thompson,6
576654,Tweet,jo marchant,jo marchant,1
576984,Tweet,jo marchant,jay newton-small,12
576997,Tweet,jo marchant,kate wong,2
576845,Tweet,jo marchant,sarah baxter,12
576695,Tweet,jo marchant,christie blatchford,16
576544,Tweet,jo marchant,lloyd grove,57
576767,Tweet,jo marchant,jenna price,8
576755,Tweet,jo marchant,lori gottlieb,29
576658,Tweet,jo marchant,alexis madrigal,56
576644,Tweet,jo marchant,jo marchant,1
576487,Tweet,jo marchant,sam leith,9
576683,Tweet,jo marchant,alex wagner,53
824198,Article,joel stein,steve mirsky,6
824214,Article,joel stein,joel stein,1
824152,Article,joel stein,bill plaschke,2
824211,Article,joel stein,joel stein,1
824169,Article,joel stein,joel stein,1
824166,Article,joel stein,joel stein,1
824185,Article,joel stein,joel stein,1
824137,Article,joel stein,joel stein,1
824132,Article,joel stein,lloyd grove,11
824206,Article,joel stein,justin chang,22
824165,Article,joel stein,joel stein,1
824207,Article,joel stein,steve mirsky,3
824156,Article,joel stein,joel stein,1
824194,Article,joel stein,joel stein,1
824174,Article,joel stein,james fallows,8
824754,Tweet,joel stein,eric alterman,19
824769,Tweet,joel stein,joshua green,19
824402,Tweet,joel stein,lloyd grove,29
824540,Tweet,joel stein,sam leith,22
824358,Tweet,joel stein,karen tumulty,4
824283,Tweet,joel stein,jenna price,6
824759,Tweet,joel stein,molly o’toole,25
824557,Tweet,joel stein,john mcwhorter,14
824336,Tweet,joel stein,eric alterman,2
824601,Tweet,joel stein,tom simonite,5
824383,Tweet,joel stein,bill plaschke,24
824304,Tweet,joel stein,lloyd grove,4
824776,Tweet,joel stein,ed yong,11
824410,Tweet,joel stein,jenna price,35
824269,Tweet,joel stein,joel stein,1
377709,Article,john mcwhorter,john mcwhorter,1
377740,Article,john mcwhorter,john mcwhorter,1
377672,Article,john mcwhorter,jeremy scahill,2
377693,Article,john mcwhorter,john mcwhorter,1
377730,Article,john mcwhorter,eric alterman,11
377844,Article,john mcwhorter,john mcwhorter,1
377812,Article,john mcwhorter,alexis madrigal,6
377771,Article,john mcwhorter,john mcwhorter,1
377763,Article,john mcwhorter,john mcwhorter,1
377733,Article,john mcwhorter,john mcwhorter,1
377706,Article,john mcwhorter,john mcwhorter,1
377718,Article,john mcwhorter,jamil smith,2
377811,Article,john mcwhorter,john mcwhorter,1
377679,Article,john mcwhorter,john mcwhorter,1
377698,Article,john mcwhorter,john mcwhorter,1
378417,Tweet,john mcwhorter,karen tumulty,22
378224,Tweet,john mcwhorter,john mcwhorter,1
378081,Tweet,john mcwhorter,john mcwhorter,1
378230,Tweet,john mcwhorter,aris roussinos,7
378407,Tweet,john mcwhorter,james delingpole,8
378100,Tweet,john mcwhorter,shane harris,6
378165,Tweet,john mcwhorter,hanna rosin,3
378084,Tweet,john mcwhorter,lori gottlieb,16
378263,Tweet,john mcwhorter,john mcwhorter,1
378149,Tweet,john mcwhorter,alex wagner,19
377985,Tweet,john mcwhorter,john mcwhorter,1
378445,Tweet,john mcwhorter,evan narcisse,13
377857,Tweet,john mcwhorter,john mcwhorter,1
377974,Tweet,john mcwhorter,eric alterman,7
377920,Tweet,john mcwhorter,jay newton-small,47
916762,Article,jon wiener,nate silver,31
916788,Article,jon wiener,jamil smith,12
916776,Article,jon wiener,jamil smith,4
916773,Article,jon wiener,mary wakefield,14
916793,Article,jon wiener,jon wiener,1
916780,Article,jon wiener,karen tumulty,3
916768,Article,jon wiener,shane harris,16
916791,Article,jon wiener,shane harris,7
916795,Article,jon wiener,ryan grim,8
916784,Article,jon wiener,yaakov katz,9
916781,Article,jon wiener,eric alterman,2
916772,Article,jon wiener,jon wiener,1
916783,Article,jon wiener,jonathan kay,24
916764,Article,jon wiener,shane harris,4
916786,Article,jon wiener,katrina vanden heuvel,2
917221,Tweet,jon wiener,katrina vanden heuvel,2
917099,Tweet,jon wiener,katrina vanden heuvel,6
916953,Tweet,jon wiener,dahlia lithwick,2
916976,Tweet,jon wiener,sarah jaffe,4
917186,Tweet,jon wiener,sam leith,27
916835,Tweet,jon wiener,ryan grim,12
917362,Tweet,jon wiener,jon wiener,1
916995,Tweet,jon wiener,molly o’toole,2
917336,Tweet,jon wiener,jon wiener,1
917292,Tweet,jon wiener,jon wiener,1
916960,Tweet,jon wiener,jon wiener,1
917309,Tweet,jon wiener,lloyd grove,8
917338,Tweet,jon wiener,eric alterman,3
916877,Tweet,jon wiener,sarah jaffe,2
917259,Tweet,jon wiener,sarah baxter,8
1132911,Article,jonathan kay,matt ridley,10
1132906,Article,jonathan kay,eric alterman,14
1132908,Article,jonathan kay,eric alterman,27
1132877,Article,jonathan kay,jonathan kay,1
1132890,Article,jonathan kay,ed yong,7
1132894,Article,jonathan kay,jonathan kay,1
1132916,Article,jonathan kay,jonathan kay,1
1132917,Article,jonathan kay,jonathan kay,1
1132867,Article,jonathan kay,jonathan kay,1
1132876,Article,jonathan kay,jonathan kay,1
1132918,Article,jonathan kay,sabrina maddeaux,5
1132901,Article,jonathan kay,jonathan kay,1
1132878,Article,jonathan kay,jonathan kay,1
1132883,Article,jonathan kay,hanna rosin,2
1132892,Article,jonathan kay,eric alterman,3
1133201,Tweet,jonathan kay,christie blatchford,4
1132977,Tweet,jonathan kay,joshua green,37
1133157,Tweet,jonathan kay,brian crecente,25
1133035,Tweet,jonathan kay,tom simonite,27
1133227,Tweet,jonathan kay,bronwen maddox,9
1133511,Tweet,jonathan kay,sam leith,13
1132958,Tweet,jonathan kay,eric alterman,15
1133295,Tweet,jonathan kay,eric alterman,26
1133252,Tweet,jonathan kay,jonathan kay,1
1132923,Tweet,jonathan kay,jonathan kay,1
1133176,Tweet,jonathan kay,aris roussinos,2
1133014,Tweet,jonathan kay,hanna rosin,21
1133332,Tweet,jonathan kay,brian crecente,30
1133463,Tweet,jonathan kay,steve mirsky,17
1133098,Tweet,jonathan kay,tom simonite,42
750286,Article,joshua green,ryan grim,2
750268,Article,joshua green,joshua green,1
750270,Article,joshua green,ben mathis-lilley,4
750295,Article,joshua green,nicholas thompson,2
750294,Article,joshua green,joshua green,1
750290,Article,joshua green,joshua green,1
750283,Article,joshua green,lloyd grove,2
750278,Article,joshua green,steve mirsky,9
750282,Article,joshua green,joshua green,1
750288,Article,joshua green,nate silver,2
750274,Article,joshua green,joshua green,1
750303,Article,joshua green,joshua green,1
750273,Article,joshua green,eric alterman,2
750302,Article,joshua green,john mcwhorter,16
750276,Article,joshua green,alex wagner,10
750845,Tweet,joshua green,jamil smith,12
750893,Tweet,joshua green,christie blatchford,26
750852,Tweet,joshua green,sarah jaffe,21
750449,Tweet,joshua green,joshua green,1
750558,Tweet,joshua green,ryan grim,8
750421,Tweet,joshua green,christie blatchford,25
750644,Tweet,joshua green,alexis madrigal,33
750348,Tweet,joshua green,joshua green,1
750525,Tweet,joshua green,lori gottlieb,40
750463,Tweet,joshua green,lloyd grove,10
750327,Tweet,joshua green,molly o’toole,7
750730,Tweet,joshua green,tom simonite,21
750359,Tweet,joshua green,jenna price,32
750906,Tweet,joshua green,harry mccracken,28
750509,Tweet,joshua green,harry mount,31
961742,Article,justin chang,justin chang,1
961768,Article,justin chang,justin chang,1
961780,Article,justin chang,justin chang,1
961771,Article,justin chang,justin chang,1
961727,Article,justin chang,justin chang,1
961731,Article,justin chang,justin chang,1
961733,Article,justin chang,justin chang,1
961777,Article,justin chang,justin chang,1
961738,Article,justin chang,lorraine ali,2
961748,Article,justin chang,justin chang,1
961754,Article,justin chang,alex wagner,2
961739,Article,justin chang,justin chang,1
961737,Article,justin chang,justin chang,1
961767,Article,justin chang,justin chang,1
961785,Article,justin chang,justin chang,1
961946,Tweet,justin chang,jon wiener,47
962219,Tweet,justin chang,justin chang,1
962004,Tweet,justin chang,bronwen maddox,3
962055,Tweet,justin chang,lorraine ali,2
962349,Tweet,justin chang,john mcwhorter,48
961959,Tweet,justin chang,jo marchant,41
962021,Tweet,justin chang,justin chang,1
962268,Tweet,justin chang,jenna price,48
961858,Tweet,justin chang,joshua green,53
962189,Tweet,justin chang,justin chang,1
961847,Tweet,justin chang,nicholas thompson,51
962234,Tweet,justin chang,justin chang,1
961939,Tweet,justin chang,justin chang,1
962338,Tweet,justin chang,kate wong,19
961915,Tweet,justin chang,christie blatchford,17
1129083,Article,karen tumulty,karen tumulty,1
1129026,Article,karen tumulty,karen tumulty,1
1129059,Article,karen tumulty,ryan grim,13
1129098,Article,karen tumulty,nate silver,2
1129051,Article,karen tumulty,dahlia lithwick,6
1129138,Article,karen tumulty,karen tumulty,1
1129031,Article,karen tumulty,karen tumulty,1
1129136,Article,karen tumulty,jay newton-small,3
1129052,Article,karen tumulty,ryan grim,6
1129024,Article,karen tumulty,joshua green,2
1129047,Article,karen tumulty,karen tumulty,1
1129122,Article,karen tumulty,karen tumulty,1
1129022,Article,karen tumulty,karen tumulty,1
1129112,Article,karen tumulty,jamil smith,11
1129120,Article,karen tumulty,nate silver,4
1129719,Tweet,karen tumulty,eric alterman,23
1129251,Tweet,karen tumulty,harry mccracken,6
1129564,Tweet,karen tumulty,ben mathis-lilley,14
1129731,Tweet,karen tumulty,john mcwhorter,30
1129596,Tweet,karen tumulty,jenna price,4
1129666,Tweet,karen tumulty,dahlia lithwick,10
1129204,Tweet,karen tumulty,jenna price,7
1129176,Tweet,karen tumulty,karen tumulty,1
1129549,Tweet,karen tumulty,jay newton-small,3
1129690,Tweet,karen tumulty,dahlia lithwick,16
1129152,Tweet,karen tumulty,katrina vanden heuvel,5
1129614,Tweet,karen tumulty,john mcwhorter,5
1129447,Tweet,karen tumulty,sarah jaffe,4
1129183,Tweet,karen tumulty,lloyd grove,12
1129568,Tweet,karen tumulty,dahlia lithwick,8
445149,Article,kate wong,kate wong,1
445078,Article,kate wong,kate wong,1
445340,Article,kate wong,lori gottlieb,5
445233,Article,kate wong,kate wong,1
445158,Article,kate wong,kate wong,1
445265,Article,kate wong,kate wong,1
445430,Article,kate wong,kate wong,1
445354,Article,kate wong,nate silver,14
445228,Article,kate wong,kate wong,1
445084,Article,kate wong,jo marchant,2
445085,Article,kate wong,kate wong,1
445089,Article,kate wong,kate wong,1
445268,Article,kate wong,kate wong,1
445196,Article,kate wong,jo marchant,2
445375,Article,kate wong,kate wong,1
445600,Tweet,kate wong,christie blatchford,54
445819,Tweet,kate wong,lori gottlieb,5
445550,Tweet,kate wong,kate wong,1
445674,Tweet,kate wong,sarah jaffe,58
445830,Tweet,kate wong,olga khazan,10
445881,Tweet,kate wong,jenna price,43
445928,Tweet,kate wong,kate wong,1
445553,Tweet,kate wong,jo marchant,7
445701,Tweet,kate wong,harry mccracken,14
445851,Tweet,kate wong,lori gottlieb,14
445647,Tweet,kate wong,olga khazan,24
445463,Tweet,kate wong,molly o’toole,54
445807,Tweet,kate wong,lori gottlieb,15
445687,Tweet,kate wong,kate wong,1
445910,Tweet,kate wong,harry mount,24
878052,Article,katrina vanden heuvel,ryan grim,3
878101,Article,katrina vanden heuvel,eric alterman,6
878085,Article,katrina vanden heuvel,katrina vanden heuvel,1
878102,Article,katrina vanden heuvel,ryan grim,2
878092,Article,katrina vanden heuvel,katrina vanden heuvel,1
878059,Article,katrina vanden heuvel,katrina vanden heuvel,1
878060,Article,katrina vanden heuvel,katrina vanden heuvel,1
878084,Article,katrina vanden heuvel,katrina vanden heuvel,1
878107,Article,katrina vanden heuvel,katrina vanden heuvel,1
878100,Article,katrina vanden heuvel,ryan grim,4
878062,Article,katrina vanden heuvel,ryan grim,2
878051,Article,katrina vanden heuvel,karen tumulty,14
878069,Article,katrina vanden heuvel,katrina vanden heuvel,1
878091,Article,katrina vanden heuvel,katrina vanden heuvel,1
878080,Article,katrina vanden heuvel,eric alterman,4
878476,Tweet,katrina vanden heuvel,sabrina maddeaux,18
878329,Tweet,katrina vanden heuvel,justin chang,32
878358,Tweet,katrina vanden heuvel,jon wiener,4
878249,Tweet,katrina vanden heuvel,sarah jaffe,12
878561,Tweet,katrina vanden heuvel,alex wagner,34
878477,Tweet,katrina vanden heuvel,joel stein,46
878546,Tweet,katrina vanden heuvel,eli stokols,4
878350,Tweet,katrina vanden heuvel,joshua green,26
878364,Tweet,katrina vanden heuvel,harry mount,22
878275,Tweet,katrina vanden heuvel,mary wakefield,26
878195,Tweet,katrina vanden heuvel,bronwen maddox,40
878302,Tweet,katrina vanden heuvel,david patrikarakos,17
878318,Tweet,katrina vanden heuvel,james fallows,2
878679,Tweet,katrina vanden heuvel,eli stokols,6
878157,Tweet,katrina vanden heuvel,jon wiener,2
512406,Article,lloyd grove,charles hurt,7
511878,Article,lloyd grove,charles hurt,4
512465,Article,lloyd grove,shane harris,8
512381,Article,lloyd grove,joshua green,2
511908,Article,lloyd grove,lloyd grove,1
511975,Article,lloyd grove,lloyd grove,1
511979,Article,lloyd grove,shane harris,8
512184,Article,lloyd grove,alex wagner,2
511970,Article,lloyd grove,james fallows,12
512278,Article,lloyd grove,lloyd grove,1
512186,Article,lloyd grove,lloyd grove,1
511886,Article,lloyd grove,lorraine ali,5
512483,Article,lloyd grove,hanna rosin,17
511897,Article,lloyd grove,joel stein,8
512234,Article,lloyd grove,nicholas thompson,14
512818,Tweet,lloyd grove,jonathan kay,20
512704,Tweet,lloyd grove,james delingpole,2
513008,Tweet,lloyd grove,yaakov katz,2
512643,Tweet,lloyd grove,sam leith,38
512902,Tweet,lloyd grove,caitlin moran,2
512575,Tweet,lloyd grove,katrina vanden heuvel,7
512962,Tweet,lloyd grove,justin chang,5
512811,Tweet,lloyd grove,sarah baxter,9
512837,Tweet,lloyd grove,james fallows,31
512955,Tweet,lloyd grove,eric alterman,12
512945,Tweet,lloyd grove,lloyd grove,1
512948,Tweet,lloyd grove,justin chang,29
512789,Tweet,lloyd grove,luke winkie,14
512687,Tweet,lloyd grove,justin chang,20
513053,Tweet,lloyd grove,philip oltermann,4
497589,Article,lori gottlieb,lori gottlieb,1
497603,Article,lori gottlieb,lori gottlieb,1
497641,Article,lori gottlieb,lori gottlieb,1
497616,Article,lori gottlieb,lori gottlieb,1
497587,Article,lori gottlieb,lori gottlieb,1
497595,Article,lori gottlieb,lori gottlieb,1
497658,Article,lori gottlieb,lori gottlieb,1
497684,Article,lori gottlieb,jamil smith,2
497708,Article,lori gottlieb,lori gottlieb,1
497685,Article,lori gottlieb,lori gottlieb,1
497645,Article,lori gottlieb,lori gottlieb,1
497612,Article,lori gottlieb,lori gottlieb,1
497693,Article,lori gottlieb,lori gottlieb,1
497568,Article,lori gottlieb,lori gottlieb,1
497606,Article,lori gottlieb,jonathan kay,2
498089,Tweet,lori gottlieb,lori gottlieb,1
497904,Tweet,lori gottlieb,alexis madrigal,33
498201,Tweet,lori gottlieb,lori gottlieb,1
498298,Tweet,lori gottlieb,lori gottlieb,1
498188,Tweet,lori gottlieb,sarah jaffe,10
498135,Tweet,lori gottlieb,lori gottlieb,1
497888,Tweet,lori gottlieb,lorraine ali,2
498262,Tweet,lori gottlieb,hanna rosin,2
497724,Tweet,lori gottlieb,lori gottlieb,1
498180,Tweet,lori gottlieb,harry mount,26
497743,Tweet,lori gottlieb,jay newton-small,8
498018,Tweet,lori gottlieb,brian crecente,10
498106,Tweet,lori gottlieb,jenna price,21
498270,Tweet,lori gottlieb,lori gottlieb,1
498248,Tweet,lori gottlieb,john mcwhorter,3
863061,Article,lorraine ali,lorraine ali,1
863065,Article,lorraine ali,justin chang,3
863034,Article,lorraine ali,lloyd grove,9
863037,Article,lorraine ali,lorraine ali,1
863055,Article,lorraine ali,lorraine ali,1
863038,Article,lorraine ali,alex wagner,3
863025,Article,lorraine ali,lorraine ali,1
863022,Article,lorraine ali,james delingpole,11
863033,Article,lorraine ali,lorraine ali,1
863041,Article,lorraine ali,lori gottlieb,2
863064,Article,lorraine ali,lorraine ali,1
863020,Article,lorraine ali,lorraine ali,1
863030,Article,lorraine ali,lloyd grove,20
863039,Article,lorraine ali,lorraine ali,1
863058,Article,lorraine ali,lorraine ali,1
863447,Tweet,lorraine ali,lloyd grove,16
863220,Tweet,lorraine ali,jamil smith,22
863190,Tweet,lorraine ali,lorraine ali,1
863595,Tweet,lorraine ali,lorraine ali,1
863624,Tweet,lorraine ali,lorraine ali,1
863307,Tweet,lorraine ali,lorraine ali,1
863366,Tweet,lorraine ali,jamil smith,17
863164,Tweet,lorraine ali,lorraine ali,1
863482,Tweet,lorraine ali,eli stokols,13
863369,Tweet,lorraine ali,charles hurt,17
863645,Tweet,lorraine ali,caitlin moran,7
863206,Tweet,lorraine ali,yaakov katz,9
863661,Tweet,lorraine ali,yaakov katz,18
863468,Tweet,lorraine ali,christie blatchford,3
863374,Tweet,lorraine ali,david patrikarakos,10
320952,Article,luke winkie,kate wong,6
321002,Article,luke winkie,brian crecente,3
320982,Article,luke winkie,emily willingham,19
320962,Article,luke winkie,luke winkie,1
321001,Article,luke winkie,brian crecente,2
320971,Article,luke winkie,emily willingham,16
321003,Article,luke winkie,evan narcisse,4
320984,Article,luke winkie,luke winkie,1
320976,Article,luke winkie,luke winkie,1
320953,Article,luke winkie,ben mathis-lilley,6
320995,Article,luke winkie,lori gottlieb,2
320989,Article,luke winkie,luke winkie,1
320959,Article,luke winkie,sarah jaffe,9
320940,Article,luke winkie,brian crecente,3
320943,Article,luke winkie,luke winkie,1
321052,Tweet,luke winkie,brian crecente,4
321091,Tweet,luke winkie,ben mathis-lilley,6
321444,Tweet,luke winkie,luke winkie,1
321477,Tweet,luke winkie,yaakov katz,56
321283,Tweet,luke winkie,alexis madrigal,2
321162,Tweet,luke winkie,brian crecente,3
321335,Tweet,luke winkie,erin gloria ryan,3
321071,Tweet,luke winkie,alexis madrigal,2
321229,Tweet,luke winkie,shams charania,5
321485,Tweet,luke winkie,lori gottlieb,11
321260,Tweet,luke winkie,joel stein,5
321430,Tweet,luke winkie,olga khazan,8
321020,Tweet,luke winkie,joel stein,13
321487,Tweet,luke winkie,luke winkie,1
321533,Tweet,luke winkie,erin gloria ryan,4
1231604,Article,mary wakefield,matt ridley,4
1231704,Article,mary wakefield,mary wakefield,1
1231595,Article,mary wakefield,james delingpole,2
1231682,Article,mary wakefield,eric alterman,4
1231611,Article,mary wakefield,mary wakefield,1
1231628,Article,mary wakefield,mary wakefield,1
1231677,Article,mary wakefield,david patrikarakos,7
1231664,Article,mary wakefield,harry mount,2
1231693,Article,mary wakefield,mary wakefield,1
1231626,Article,mary wakefield,eric alterman,9
1231659,Article,mary wakefield,sam leith,2
1231603,Article,mary wakefield,mary wakefield,1
1231691,Article,mary wakefield,mary wakefield,1
1231597,Article,mary wakefield,james delingpole,2
1231660,Article,mary wakefield,sam leith,2
1231725,Tweet,mary wakefield,lloyd grove,28
1231744,Tweet,mary wakefield,sam leith,3
1231755,Tweet,mary wakefield,christie blatchford,6
1231773,Tweet,mary wakefield,mary wakefield,1
1231717,Tweet,mary wakefield,harry mount,2
1231729,Tweet,mary wakefield,dahlia lithwick,22
1231753,Tweet,mary wakefield,kate wong,6
1231736,Tweet,mary wakefield,mary wakefield,1
1231714,Tweet,mary wakefield,sarah baxter,2
1231756,Tweet,mary wakefield,james delingpole,2
1231726,Tweet,mary wakefield,sam leith,2
1231765,Tweet,mary wakefield,brian crecente,24
1231779,Tweet,mary wakefield,mary wakefield,1
1231772,Tweet,mary wakefield,mary wakefield,1
1231749,Tweet,mary wakefield,caitlin moran,5
295524,Article,matt ridley,matt ridley,1
295510,Article,matt ridley,aris roussinos,4
295528,Article,matt ridley,matt ridley,1
295523,Article,matt ridley,matt ridley,1
295530,Article,matt ridley,matt ridley,1
295527,Article,matt ridley,matt ridley,1
295529,Article,matt ridley,matt ridley,1
295533,Article,matt ridley,mary wakefield,3
295555,Article,matt ridley,jo marchant,4
295521,Article,matt ridley,matt ridley,1
295497,Article,matt ridley,kate wong,3
295550,Article,matt ridley,mary wakefield,5
295518,Article,matt ridley,james delingpole,3
295542,Article,matt ridley,matt ridley,1
295539,Article,matt ridley,matt ridley,1
295623,Tweet,matt ridley,harry mount,15
295617,Tweet,matt ridley,bronwen maddox,9
295636,Tweet,matt ridley,matt ridley,1
295613,Tweet,matt ridley,jo marchant,20
295587,Tweet,matt ridley,eli stokols,37
295578,Tweet,matt ridley,lloyd grove,59
295615,Tweet,matt ridley,bronwen maddox,13
295584,Tweet,matt ridley,matt ridley,1
295599,Tweet,matt ridley,james fallows,3
295631,Tweet,matt ridley,matt ridley,1
295580,Tweet,matt ridley,james fallows,11
295586,Tweet,matt ridley,matt ridley,1
295588,Tweet,matt ridley,james fallows,2
295565,Tweet,matt ridley,bronwen maddox,25
295569,Tweet,matt ridley,jeremy scahill,6
1089773,Article,molly o’toole,alex wagner,8
1089789,Article,molly o’toole,jay newton-small,7
1089785,Article,molly o’toole,molly o’toole,1
1089784,Article,molly o’toole,molly o’toole,1
1089770,Article,molly o’toole,molly o’toole,1
1089803,Article,molly o’toole,alex wagner,6
1089779,Article,molly o’toole,lloyd grove,2
1089793,Article,molly o’toole,shane harris,10
1089788,Article,molly o’toole,molly o’toole,1
1089756,Article,molly o’toole,molly o’toole,1
1089802,Article,molly o’toole,alex wagner,3
1089760,Article,molly o’toole,shane harris,4
1089774,Article,molly o’toole,philip oltermann,32
1089775,Article,molly o’toole,eli stokols,5
1089772,Article,molly o’toole,shane harris,3
1089815,Tweet,molly o’toole,hanna rosin,47
1089846,Tweet,molly o’toole,eric alterman,43
1089816,Tweet,molly o’toole,shane harris,3
1089870,Tweet,molly o’toole,jeremy scahill,24
1089828,Tweet,molly o’toole,john mcwhorter,58
1089860,Tweet,molly o’toole,molly o’toole,1
1089811,Tweet,molly o’toole,bronwen maddox,2
1089822,Tweet,molly o’toole,ashley feinberg,8
1089839,Tweet,molly o’toole,caitlin moran,55
1089868,Tweet,molly o’toole,eric alterman,53
1089825,Tweet,molly o’toole,hanna rosin,2
1089867,Tweet,molly o’toole,james fallows,18
1089848,Tweet,molly o’toole,david patrikarakos,16
1089820,Tweet,molly o’toole,david patrikarakos,46
1089843,Tweet,molly o’toole,eli stokols,2
516515,Article,nate silver,nate silver,1
516491,Article,nate silver,nate silver,1
516514,Article,nate silver,nate silver,1
516507,Article,nate silver,nate silver,1
516508,Article,nate silver,nate silver,1
516505,Article,nate silver,nate silver,1
516474,Article,nate silver,nate silver,1
516497,Article,nate silver,nate silver,1
516490,Article,nate silver,nate silver,1
516492,Article,nate silver,nate silver,1
516473,Article,nate silver,nate silver,1
516516,Article,nate silver,nicholas thompson,3
516506,Article,nate silver,nate silver,1
516472,Article,nate silver,nate silver,1
516483,Article,nate silver,nate silver,1
516628,Tweet,nate silver,ben mathis-lilley,48
517049,Tweet,nate silver,nate silver,1
516894,Tweet,nate silver,karen tumulty,13
516701,Tweet,nate silver,ben mathis-lilley,9
516947,Tweet,nate silver,nate silver,1
516569,Tweet,nate silver,karen tumulty,9
516835,Tweet,nate silver,nate silver,1
516803,Tweet,nate silver,nate silver,1
516688,Tweet,nate silver,sarah jaffe,6
516892,Tweet,nate silver,eric alterman,11
516874,Tweet,nate silver,ryan grim,6
516712,Tweet,nate silver,nate silver,1
516611,Tweet,nate silver,nate silver,1
516791,Tweet,nate silver,karen tumulty,2
516650,Tweet,nate silver,ed yong,10
291302,Article,nicholas thompson,nicholas thompson,1
291358,Article,nicholas thompson,nicholas thompson,1
291320,Article,nicholas thompson,evan narcisse,4
291327,Article,nicholas thompson,tom simonite,2
291381,Article,nicholas thompson,nate silver,19
291353,Article,nicholas thompson,nicholas thompson,1
291309,Article,nicholas thompson,nicholas thompson,1
291331,Article,nicholas thompson,nicholas thompson,1
291384,Article,nicholas thompson,jeremy scahill,11
291342,Article,nicholas thompson,nicholas thompson,1
291335,Article,nicholas thompson,nicholas thompson,1
291318,Article,nicholas thompson,ed yong,21
291308,Article,nicholas thompson,nicholas thompson,1
291383,Article,nicholas thompson,harry mccracken,2
291332,Article,nicholas thompson,alexis madrigal,28
291753,Tweet,nicholas thompson,molly o’toole,23
291600,Tweet,nicholas thompson,jeremy scahill,18
291422,Tweet,nicholas thompson,shams charania,10
291614,Tweet,nicholas thompson,james fallows,10
291814,Tweet,nicholas thompson,jo marchant,29
291780,Tweet,nicholas thompson,shams charania,26
291599,Tweet,nicholas thompson,christie blatchford,38
291406,Tweet,nicholas thompson,james fallows,38
291430,Tweet,nicholas thompson,alexis madrigal,2
291692,Tweet,nicholas thompson,alex wagner,9
291445,Tweet,nicholas thompson,john mcwhorter,10
291847,Tweet,nicholas thompson,molly o’toole,11
291552,Tweet,nicholas thompson,harry mccracken,28
291564,Tweet,nicholas thompson,john mcwhorter,14
291701,Tweet,nicholas thompson,john mcwhorter,21
641587,Article,olga khazan,molly o’toole,2
641298,Article,olga khazan,joel stein,7
641333,Article,olga khazan,karen tumulty,3
641651,Article,olga khazan,james fallows,13
641420,Article,olga khazan,ed yong,4
641373,Article,olga khazan,karen tumulty,3
641567,Article,olga khazan,karen tumulty,17
641363,Article,olga khazan,nate silver,12
641483,Article,olga khazan,olga khazan,1
641485,Article,olga khazan,lori gottlieb,7
641390,Article,olga khazan,karen tumulty,2
641571,Article,olga khazan,olga khazan,1
641340,Article,olga khazan,olga khazan,1
641595,Article,olga khazan,alexis madrigal,12
641278,Article,olga khazan,olga khazan,1
642163,Tweet,olga khazan,harry mccracken,2
642002,Tweet,olga khazan,sam leith,33
642114,Tweet,olga khazan,lloyd grove,23
641789,Tweet,olga khazan,erin gloria ryan,6
641905,Tweet,olga khazan,bill plaschke,28
641821,Tweet,olga khazan,sarah jaffe,2
641887,Tweet,olga khazan,ashley feinberg,2
641705,Tweet,olga khazan,james fallows,2
641950,Tweet,olga khazan,john mcwhorter,12
641953,Tweet,olga khazan,erin gloria ryan,2
641992,Tweet,olga khazan,justin chang,9
641745,Tweet,olga khazan,erin gloria ryan,8
641998,Tweet,olga khazan,eli stokols,19
641982,Tweet,olga khazan,luke winkie,10
641985,Tweet,olga khazan,lori gottlieb,9
1238819,Article,philip oltermann,harry mount,2
1238845,Article,philip oltermann,charles hurt,6
1238839,Article,philip oltermann,jonathan kay,2
1238806,Article,philip oltermann,philip oltermann,1
1238808,Article,philip oltermann,philip oltermann,1
1238818,Article,philip oltermann,charles hurt,10
1238836,Article,philip oltermann,philip oltermann,1
1238813,Article,philip oltermann,philip oltermann,1
1238824,Article,philip oltermann,aris roussinos,5
1238817,Article,philip oltermann,eric alterman,4
1238830,Article,philip oltermann,philip oltermann,1
1238816,Article,philip oltermann,philip oltermann,1
1238843,Article,philip oltermann,philip oltermann,1
1238835,Article,philip oltermann,lorraine ali,30
1238825,Article,philip oltermann,philip oltermann,1
1238912,Tweet,philip oltermann,james delingpole,28
1239109,Tweet,philip oltermann,philip oltermann,1
1239141,Tweet,philip oltermann,philip oltermann,1
1239409,Tweet,philip oltermann,jay newton-small,6
1239392,Tweet,philip oltermann,joshua green,3
1239284,Tweet,philip oltermann,philip oltermann,1
1239090,Tweet,philip oltermann,philip oltermann,1
1238884,Tweet,philip oltermann,eli stokols,5
1239019,Tweet,philip oltermann,john mcwhorter,3
1238881,Tweet,philip oltermann,tom simonite,10
1238860,Tweet,philip oltermann,jonathan kay,3
1239423,Tweet,philip oltermann,sarah baxter,11
1238974,Tweet,philip oltermann,aris roussinos,3
1239045,Tweet,philip oltermann,eric alterman,2
1239142,Tweet,philip oltermann,philip oltermann,1
303003,Article,ryan grim,shane harris,3
303082,Article,ryan grim,ryan grim,1
303105,Article,ryan grim,ryan grim,1
303115,Article,ryan grim,ryan grim,1
303056,Article,ryan grim,ryan grim,1
303055,Article,ryan grim,eli stokols,2
303016,Article,ryan grim,katrina vanden heuvel,5
303066,Article,ryan grim,ryan grim,1
303024,Article,ryan grim,ryan grim,1
303138,Article,ryan grim,jamil smith,37
303007,Article,ryan grim,ryan grim,1
303029,Article,ryan grim,ryan grim,1
303136,Article,ryan grim,ryan grim,1
303025,Article,ryan grim,ryan grim,1
303027,Article,ryan grim,ryan grim,1
303360,Tweet,ryan grim,matt ridley,38
303423,Tweet,ryan grim,ben mathis-lilley,2
303480,Tweet,ryan grim,eli stokols,3
303639,Tweet,ryan grim,eric alterman,45
303575,Tweet,ryan grim,john mcwhorter,44
303170,Tweet,ryan grim,brian crecente,26
303392,Tweet,ryan grim,tom simonite,3
303455,Tweet,ryan grim,ryan grim,1
303249,Tweet,ryan grim,eric alterman,16
303404,Tweet,ryan grim,bronwen maddox,26
303586,Tweet,ryan grim,joshua green,16
303558,Tweet,ryan grim,eli stokols,2
303182,Tweet,ryan grim,charles hurt,5
303195,Tweet,ryan grim,bronwen maddox,33
303208,Tweet,ryan grim,nate silver,12
1111759,Article,sabrina maddeaux,christie blatchford,2
1111699,Article,sabrina maddeaux,caitlin moran,3
1111723,Article,sabrina maddeaux,katrina vanden heuvel,5
1111671,Article,sabrina maddeaux,christie blatchford,3
1111629,Article,sabrina maddeaux,steve mirsky,7
1111767,Article,sabrina maddeaux,sabrina maddeaux,1
1111750,Article,sabrina maddeaux,sabrina maddeaux,1
1111684,Article,sabrina maddeaux,jenna price,3
1111627,Article,sabrina maddeaux,sabrina maddeaux,1
1111760,Article,sabrina maddeaux,sabrina maddeaux,1
1111721,Article,sabrina maddeaux,sabrina maddeaux,1
1111681,Article,sabrina maddeaux,christie blatchford,6
1111738,Article,sabrina maddeaux,sabrina maddeaux,1
1111720,Article,sabrina maddeaux,sabrina maddeaux,1
1111643,Article,sabrina maddeaux,sabrina maddeaux,1
1111984,Tweet,sabrina maddeaux,caitlin moran,36
1111822,Tweet,sabrina maddeaux,philip oltermann,18
1112226,Tweet,sabrina maddeaux,jenna price,3
1112270,Tweet,sabrina maddeaux,hanna rosin,11
1111824,Tweet,sabrina maddeaux,matt ridley,2
1112024,Tweet,sabrina maddeaux,hanna rosin,13
1112145,Tweet,sabrina maddeaux,caitlin moran,29
1112133,Tweet,sabrina maddeaux,erin gloria ryan,8
1111869,Tweet,sabrina maddeaux,sabrina maddeaux,1
1112279,Tweet,sabrina maddeaux,nate silver,30
1112191,Tweet,sabrina maddeaux,jamil smith,25
1112212,Tweet,sabrina maddeaux,sabrina maddeaux,1
1111880,Tweet,sabrina maddeaux,jay newton-small,5
1112063,Tweet,sabrina maddeaux,aris roussinos,11
1112082,Tweet,sabrina maddeaux,luke winkie,30
1247239,Article,sam leith,james delingpole,2
1247231,Article,sam leith,hanna rosin,3
1247165,Article,sam leith,tom simonite,3
1247283,Article,sam leith,sam leith,1
1247148,Article,sam leith,joshua green,37
1247243,Article,sam leith,sam leith,1
1247247,Article,sam leith,aris roussinos,4
1247163,Article,sam leith,matt ridley,5
1247154,Article,sam leith,matt ridley,3
1247164,Article,sam leith,tom simonite,15
1247275,Article,sam leith,sam leith,1
1247207,Article,sam leith,sam leith,1
1247140,Article,sam leith,sam leith,1
1247149,Article,sam leith,sam leith,1
1247212,Article,sam leith,jenna price,3
1247699,Tweet,sam leith,erin gloria ryan,36
1247635,Tweet,sam leith,jenna price,5
1247789,Tweet,sam leith,lloyd grove,32
1247485,Tweet,sam leith,sam leith,1
1247431,Tweet,sam leith,eric alterman,2
1247736,Tweet,sam leith,justin chang,18
1247705,Tweet,sam leith,sam leith,1
1247491,Tweet,sam leith,erin gloria ryan,22
1247317,Tweet,sam leith,sam leith,1
1247666,Tweet,sam leith,eric alterman,15
1247544,Tweet,sam leith,alex wagner,38
1247376,Tweet,sam leith,james delingpole,2
1247297,Tweet,sam leith,john mcwhorter,2
1247315,Tweet,sam leith,luke winkie,36
1247854,Tweet,sam leith,karen tumulty,26
908573,Article,sarah baxter,lloyd grove,2
908530,Article,sarah baxter,eli stokols,35
908581,Article,sarah baxter,caitlin moran,6
908543,Article,sarah baxter,lloyd grove,6
908578,Article,sarah baxter,jo marchant,14
908532,Article,sarah baxter,sarah baxter,1
908539,Article,sarah baxter,harry mount,7
908553,Article,sarah baxter,bronwen maddox,3
908524,Article,sarah baxter,bronwen maddox,2
908565,Article,sarah baxter,harry mount,6
908507,Article,sarah baxter,lloyd grove,17
908542,Article,sarah baxter,sarah baxter,1
908585,Article,sarah baxter,bronwen maddox,4
908522,Article,sarah baxter,james delingpole,5
908571,Article,sarah baxter,joshua green,5
908760,Tweet,sarah baxter,jeremy scahill,9
908699,Tweet,sarah baxter,charles hurt,41
908761,Tweet,sarah baxter,eric alterman,42
908896,Tweet,sarah baxter,bronwen maddox,2
909156,Tweet,sarah baxter,jay newton-small,37
908855,Tweet,sarah baxter,bronwen maddox,2
908804,Tweet,sarah baxter,bronwen maddox,5
909017,Tweet,sarah baxter,lloyd grove,9
908992,Tweet,sarah baxter,sarah jaffe,42
908810,Tweet,sarah baxter,jenna price,10
908780,Tweet,sarah baxter,bronwen maddox,6
908629,Tweet,sarah baxter,james delingpole,17
909134,Tweet,sarah baxter,erin gloria ryan,36
908961,Tweet,sarah baxter,bronwen maddox,3
909185,Tweet,sarah baxter,shane harris,35
1086650,Article,sarah jaffe,erin gloria ryan,2
1086671,Article,sarah jaffe,sarah jaffe,1
1086643,Article,sarah jaffe,sarah jaffe,1
1086660,Article,sarah jaffe,sarah jaffe,1
1086659,Article,sarah jaffe,jamil smith,4
1086656,Article,sarah jaffe,jamil smith,5
1086658,Article,sarah jaffe,sarah jaffe,1
1086649,Article,sarah jaffe,sarah jaffe,1
1086678,Article,sarah jaffe,sarah jaffe,1
1086667,Article,sarah jaffe,sarah jaffe,1
1086646,Article,sarah jaffe,jamil smith,8
1086672,Article,sarah jaffe,sarah jaffe,1
1086677,Article,sarah jaffe,katrina vanden heuvel,2
1086636,Article,sarah jaffe,katrina vanden heuvel,3
1086662,Article,sarah jaffe,sarah jaffe,1
1087143,Tweet,sarah jaffe,ashley feinberg,11
1086823,Tweet,sarah jaffe,eric alterman,4
1086766,Tweet,sarah jaffe,brian crecente,13
1086694,Tweet,sarah jaffe,sarah jaffe,1
1087187,Tweet,sarah jaffe,ben mathis-lilley,4
1086972,Tweet,sarah jaffe,evan narcisse,21
1086857,Tweet,sarah jaffe,ashley feinberg,4
1087146,Tweet,sarah jaffe,caitlin moran,21
1086723,Tweet,sarah jaffe,david patrikarakos,9
1087218,Tweet,sarah jaffe,brian crecente,5
1086910,Tweet,sarah jaffe,ashley feinberg,5
1086845,Tweet,sarah jaffe,ryan grim,4
1087265,Tweet,sarah jaffe,luke winkie,15
1086746,Tweet,sarah jaffe,bill plaschke,20
1086957,Tweet,sarah jaffe,james delingpole,26
1182811,Article,shams charania,shams charania,1
1182763,Article,shams charania,shams charania,1
1182682,Article,shams charania,shams charania,1
1182678,Article,shams charania,shams charania,1
1182634,Article,shams charania,shams charania,1
1182677,Article,shams charania,shams charania,1
1182664,Article,shams charania,shams charania,1
1182712,Article,shams charania,shams charania,1
1182702,Article,shams charania,shams charania,1
1182782,Article,shams charania,shams charania,1
1182807,Article,shams charania,shams charania,1
1182697,Article,shams charania,shams charania,1
1182653,Article,shams charania,shams charania,1
1182785,Article,shams charania,shams charania,1
1182744,Article,shams charania,shams charania,1
1183338,Tweet,shams charania,shams charania,1
1183266,Tweet,shams charania,shams charania,1
1183004,Tweet,shams charania,shams charania,1
1183074,Tweet,shams charania,shams charania,1
1182825,Tweet,shams charania,shams charania,1
1182853,Tweet,shams charania,shams charania,1
1182977,Tweet,shams charania,shams charania,1
1183370,Tweet,shams charania,shams charania,1
1183103,Tweet,shams charania,shams charania,1
1183003,Tweet,shams charania,shams charania,1
1183356,Tweet,shams charania,shams charania,1
1183155,Tweet,shams charania,shams charania,1
1182932,Tweet,shams charania,shams charania,1
1183180,Tweet,shams charania,shams charania,1
1183323,Tweet,shams charania,shams charania,1
660697,Article,shane harris,shane harris,1
660620,Article,shane harris,shane harris,1
660740,Article,shane harris,christie blatchford,4
660649,Article,shane harris,shane harris,1
660652,Article,shane harris,shane harris,1
660673,Article,shane harris,shane harris,1
660641,Article,shane harris,shane harris,1
660657,Article,shane harris,erin gloria ryan,3
660733,Article,shane harris,sam leith,12
660596,Article,shane harris,shane harris,1
660616,Article,shane harris,shane harris,1
660687,Article,shane harris,shane harris,1
660629,Article,shane harris,shane harris,1
660753,Article,shane harris,shane harris,1
660621,Article,shane harris,shane harris,1
660927,Tweet,shane harris,lloyd grove,19
660936,Tweet,shane harris,lloyd grove,21
661280,Tweet,shane harris,jenna price,52
660777,Tweet,shane harris,alex wagner,34
661096,Tweet,shane harris,ryan grim,2
661189,Tweet,shane harris,eli stokols,8
661284,Tweet,shane harris,jeremy scahill,2
660882,Tweet,shane harris,philip oltermann,24
660969,Tweet,shane harris,shane harris,1
660902,Tweet,shane harris,brian crecente,53
660765,Tweet,shane harris,alexis madrigal,36
661305,Tweet,shane harris,philip oltermann,6
660962,Tweet,shane harris,tom simonite,23
661237,Tweet,shane harris,jay newton-small,17
660893,Tweet,shane harris,molly o’toole,5
663651,Article,steve mirsky,james fallows,3
663623,Article,steve mirsky,kate wong,3
663600,Article,steve mirsky,nate silver,4
663679,Article,steve mirsky,kate wong,3
663587,Article,steve mirsky,alexis madrigal,12
663609,Article,steve mirsky,kate wong,2
663560,Article,steve mirsky,steve mirsky,1
663601,Article,steve mirsky,steve mirsky,1
663614,Article,steve mirsky,jo marchant,6
663640,Article,steve mirsky,steve mirsky,1
663620,Article,steve mirsky,kate wong,3
663639,Article,steve mirsky,steve mirsky,1
663564,Article,steve mirsky,kate wong,2
663536,Article,steve mirsky,kate wong,2
663594,Article,steve mirsky,joshua green,21
663733,Tweet,steve mirsky,eric alterman,4
663977,Tweet,steve mirsky,jo marchant,2
663798,Tweet,steve mirsky,karen tumulty,35
664085,Tweet,steve mirsky,harry mount,38
664281,Tweet,steve mirsky,emily willingham,18
664264,Tweet,steve mirsky,luke winkie,34
664259,Tweet,steve mirsky,jonathan kay,3
664106,Tweet,steve mirsky,bill plaschke,24
663963,Tweet,steve mirsky,steve mirsky,1
664055,Tweet,steve mirsky,eric alterman,3
663908,Tweet,steve mirsky,john mcwhorter,21
663989,Tweet,steve mirsky,lloyd grove,3
663832,Tweet,steve mirsky,steve mirsky,1
663801,Tweet,steve mirsky,bill plaschke,26
663986,Tweet,steve mirsky,joshua green,32
386284,Article,tom simonite,tom simonite,1
386231,Article,tom simonite,nicholas thompson,3
386685,Article,tom simonite,nicholas thompson,2
386155,Article,tom simonite,tom simonite,1
386545,Article,tom simonite,nicholas thompson,2
386134,Article,tom simonite,tom simonite,1
386267,Article,tom simonite,tom simonite,1
386190,Article,tom simonite,tom simonite,1
386208,Article,tom simonite,tom simonite,1
386087,Article,tom simonite,tom simonite,1
386226,Article,tom simonite,tom simonite,1
386411,Article,tom simonite,tom simonite,1
386083,Article,tom simonite,tom simonite,1
386164,Article,tom simonite,tom simonite,1
386521,Article,tom simonite,tom simonite,1
387089,Tweet,tom simonite,nicholas thompson,2
386862,Tweet,tom simonite,tom simonite,1
386889,Tweet,tom simonite,nicholas thompson,2
387076,Tweet,tom simonite,ed yong,3
387202,Tweet,tom simonite,ashley feinberg,2
386992,Tweet,tom simonite,tom simonite,1
386754,Tweet,tom simonite,alexis madrigal,38
386971,Tweet,tom simonite,eric alterman,2
387018,Tweet,tom simonite,harry mccracken,36
386750,Tweet,tom simonite,yaakov katz,52
387043,Tweet,tom simonite,christie blatchford,58
386956,Tweet,tom simonite,alexis madrigal,8
386743,Tweet,tom simonite,nicholas thompson,4
387203,Tweet,tom simonite,charles hurt,55
387178,Tweet,tom simonite,erin gloria ryan,9
656614,Article,yaakov katz,yaakov katz,1
656610,Article,yaakov katz,yaakov katz,1
656648,Article,yaakov katz,yaakov katz,1
656603,Article,yaakov katz,yaakov katz,1
656607,Article,yaakov katz,yaakov katz,1
656639,Article,yaakov katz,yaakov katz,1
656619,Article,yaakov katz,yaakov katz,1
656615,Article,yaakov katz,yaakov katz,1
656645,Article,yaakov katz,yaakov katz,1
656611,Article,yaakov katz,yaakov katz,1
656628,Article,yaakov katz,yaakov katz,1
656642,Article,yaakov katz,yaakov katz,1
656650,Article,yaakov katz,yaakov katz,1
656635,Article,yaakov katz,yaakov katz,1
656624,Article,yaakov katz,yaakov katz,1
656748,Tweet,yaakov katz,yaakov katz,1
657135,Tweet,yaakov katz,yaakov katz,1
657003,Tweet,yaakov katz,yaakov katz,1
657034,Tweet,yaakov katz,yaakov katz,1
656888,Tweet,yaakov katz,yaakov katz,1
656988,Tweet,yaakov katz,yaakov katz,1
657219,Tweet,yaakov katz,yaakov katz,1
656889,Tweet,yaakov katz,yaakov katz,1
656790,Tweet,yaakov katz,yaakov katz,1
657071,Tweet,yaakov katz,yaakov katz,1
656688,Tweet,yaakov katz,jeremy scahill,3
656782,Tweet,yaakov katz,yaakov katz,1
656659,Tweet,yaakov katz,yaakov katz,1
656994,Tweet,yaakov katz,dahlia lithwick,12
657224,Tweet,yaakov katz,yaakov katz,1
