id,genre,label,prediction,rank,shortlist_hit
646290,Article,aaron gleeman,aaron gleeman,1,True
646284,Article,aaron gleeman,aaron gleeman,1,True
646160,Article,aaron gleeman,aaron gleeman,1,True
646333,Article,aaron gleeman,aaron gleeman,1,True
646190,Article,aaron gleeman,aaron gleeman,1,True
646240,Article,aaron gleeman,aaron gleeman,1,True
646318,Article,aaron gleeman,aaron gleeman,1,True
646135,Article,aaron gleeman,aaron gleeman,1,True
646081,Article,aaron gleeman,aaron gleeman,1,True
646096,Article,aaron gleeman,aaron gleeman,1,True
646184,Article,aaron gleeman,aaron gleeman,1,True
646113,Article,aaron gleeman,aaron gleeman,1,True
646239,Article,aaron gleeman,aaron gleeman,1,True
646328,Article,aaron gleeman,aaron gleeman,1,True
646327,Article,aaron gleeman,aaron gleeman,1,True
646816,Tweet,aaron gleeman,ben mathis-lilley,5,True
646869,Tweet,aaron gleeman,hanna rosin,57,False
646918,Tweet,aaron gleeman,aaron gleeman,1,True
646592,Tweet,aaron gleeman,aaron gleeman,1,True
646443,Tweet,aaron gleeman,bill plaschke,2,True
646493,Tweet,aaron gleeman,aaron gleeman,1,True
646724,Tweet,aaron gleeman,aaron gleeman,1,True
646699,Tweet,aaron gleeman,aaron gleeman,1,True
646710,Tweet,aaron gleeman,aaron gleeman,1,True
646662,Tweet,aaron gleeman,steve mirsky,59,False
646347,Tweet,aaron gleeman,aaron gleeman,1,True
646715,Tweet,aaron gleeman,aaron gleeman,1,True
646425,Tweet,aaron gleeman,aaron gleeman,1,True
646802,Tweet,aaron gleeman,bill plaschke,15,True
646621,Tweet,aaron gleeman,jamil smith,35,False
304255,Article,alex wagner,ashley feinberg,5,True
304244,Article,alex wagner,eli stokols,3,True
304250,Article,alex wagner,ryan grim,3,True
304249,Article,alex wagner,alexis madrigal,25,True
304268,Article,alex wagner,alex wagner,1,True
304252,Article,alex wagner,ashley feinberg,7,True
304228,Article,alex wagner,eli stokols,7,True
304235,Article,alex wagner,lori gottlieb,2,True
304240,Article,alex wagner,john mcwhorter,39,False
304232,Article,alex wagner,ryan grim,7,True
304261,Article,alex wagner,molly o’toole,13,True
304225,Article,alex wagner,john mcwhorter,2,True
304229,Article,alex wagner,lori gottlieb,3,True
304243,Article,alex wagner,lori gottlieb,3,True
304224,Article,alex wagner,jeremy scahill,6,True
304632,Tweet,alex wagner,ben mathis-lilley,12,True
304375,Tweet,alex wagner,lloyd grove,8,True
304726,Tweet,alex wagner,erin gloria ryan,10,True
304503,Tweet,alex wagner,ryan grim,6,True
304507,Tweet,alex wagner,sarah jaffe,4,True
304791,Tweet,alex wagner,joshua green,16,True
304293,Tweet,alex wagner,shams charania,9,True
304857,Tweet,alex wagner,molly o’toole,37,False
304628,Tweet,alex wagner,ben mathis-lilley,12,True
304590,Tweet,alex wagner,alexis madrigal,21,True
304303,Tweet,alex wagner,dahlia lithwick,2,True
304513,Tweet,alex wagner,john mcwhorter,14,True
304717,Tweet,alex wagner,harry mount,9,True
304678,Tweet,alex wagner,steve mirsky,15,True
304292,Tweet,alex wagner,nate silver,18,True
758275,Article,alexis madrigal,jeremy scahill,14,True
758395,Article,alexis madrigal,nicholas thompson,2,True
758322,Article,alexis madrigal,olga khazan,3,True
758384,Article,alexis madrigal,matt ridley,5,True
758366,Article,alexis madrigal,ryan grim,4,True
758317,Article,alexis madrigal,nicholas thompson,3,True
758255,Article,alexis madrigal,emily willingham,19,True
758327,Article,alexis madrigal,lori gottlieb,2,True
758399,Article,alexis madrigal,nicholas thompson,4,True
758281,Article,alexis madrigal,lori gottlieb,5,True
758319,Article,alexis madrigal,nicholas thompson,7,True
758426,Article,alexis madrigal,olga khazan,14,True
758290,Article,alexis madrigal,olga khazan,4,True
758323,Article,alexis madrigal,nicholas thompson,5,True
758338,Article,alexis madrigal,ed yong,2,True
759055,Tweet,alexis madrigal,eric alterman,10,True
758470,Tweet,alexis madrigal,erin gloria ryan,19,True
758515,Tweet,alexis madrigal,ashley feinberg,8,True
758611,Tweet,alexis madrigal,philip oltermann,2,True
758645,Tweet,alexis madrigal,steve mirsky,33,False
758821,Tweet,alexis madrigal,olga khazan,13,True
759019,Tweet,alexis madrigal,sarah jaffe,3,True
759010,Tweet,alexis madrigal,ben mathis-lilley,5,True
758720,Tweet,alexis madrigal,emily willingham,5,True
758718,Tweet,alexis madrigal,kate wong,20,True
758783,Tweet,alexis madrigal,bill plaschke,16,True
758993,Tweet,alexis madrigal,lloyd grove,18,True
758758,Tweet,alexis madrigal,lori gottlieb,6,True
758899,Tweet,alexis madrigal,lori gottlieb,6,True
758603,Tweet,alexis madrigal,ben mathis-lilley,22,True
470504,Article,aris roussinos,jeremy scahill,9,True
470454,Article,aris roussinos,philip oltermann,2,True
470465,Article,aris roussinos,philip oltermann,2,True
470405,Article,aris roussinos,aris roussinos,1,True
470523,Article,aris roussinos,aris roussinos,1,True
470518,Article,aris roussinos,jeremy scahill,2,True
470416,Article,aris roussinos,aris roussinos,1,True
470521,Article,aris roussinos,aris roussinos,1,True
470536,Article,aris roussinos,aris roussinos,1,True
470534,Article,aris roussinos,aris roussinos,1,True
470413,Article,aris roussinos,aris roussinos,1,True
470509,Article,aris roussinos,aris roussinos,1,True
470560,Article,aris roussinos,jeremy scahill,12,True
470530,Article,aris roussinos,aris roussinos,1,True
470408,Article,aris roussinos,aris roussinos,1,True
470781,Tweet,aris roussinos,alex wagner,13,True
470759,Tweet,aris roussinos,shane harris,9,True
470674,Tweet,aris roussinos,bronwen maddox,19,True
470663,Tweet,aris roussinos,sabrina maddeaux,4,True
470736,Tweet,aris roussinos,philip oltermann,4,True
470651,Tweet,aris roussinos,aris roussinos,1,True
470673,Tweet,aris roussinos,alex wagner,20,True
470735,Tweet,aris roussinos,jamil smith,40,False
470576,Tweet,aris roussinos,olga khazan,19,True
470775,Tweet,aris roussinos,harry mount,14,True
470819,Tweet,aris roussinos,kate wong,3,True
470704,Tweet,aris roussinos,ben mathis-lilley,44,False
470672,Tweet,aris roussinos,steve mirsky,51,False
470794,Tweet,aris roussinos,brian crecente,8,True
470563,Tweet,aris roussinos,lloyd grove,21,True
452289,Article,ashley feinberg,olga khazan,4,True
452283,Article,ashley feinberg,ryan grim,4,True
452298,Article,ashley feinberg,luke winkie,2,True
452329,Article,ashley feinberg,harry mccracken,5,True
452295,Article,ashley feinberg,eli stokols,8,True
452309,Article,ashley feinberg,tom simonite,3,True
452270,Article,ashley feinberg,shane harris,15,True
452275,Article,ashley feinberg,ashley feinberg,1,True
452316,Article,ashley feinberg,john mcwhorter,3,True
452302,Article,ashley feinberg,jeremy scahill,4,True
452271,Article,ashley feinberg,erin gloria ryan,6,True
452280,Article,ashley feinberg,ashley feinberg,1,True
452322,Article,ashley feinberg,sam leith,12,True
452318,Article,ashley feinberg,erin gloria ryan,4,True
452323,Article,ashley feinberg,ashley feinberg,1,True
452588,Tweet,ashley feinberg,ben mathis-lilley,19,True
452481,Tweet,ashley feinberg,ashley feinberg,1,True
452388,Tweet,ashley feinberg,evan narcisse,3,True
452507,Tweet,ashley feinberg,ashley feinberg,1,True
452695,Tweet,ashley feinberg,harry mount,22,True
452668,Tweet,ashley feinberg,ashley feinberg,1,True
452764,Tweet,ashley feinberg,ben mathis-lilley,3,True
452527,Tweet,ashley feinberg,charles hurt,24,True
452586,Tweet,ashley feinberg,ashley feinberg,1,True
452441,Tweet,ashley feinberg,ashley feinberg,1,True
452800,Tweet,ashley feinberg,ashley feinberg,1,True
452843,Tweet,ashley feinberg,erin gloria ryan,8,True
452362,Tweet,ashley feinberg,erin gloria ryan,15,True
452424,Tweet,ashley feinberg,caitlin moran,5,True
452360,Tweet,ashley feinberg,ashley feinberg,1,True
411637,Article,ben mathis-lilley,eli stokols,3,True
411638,Article,ben mathis-lilley,sarah jaffe,4,True
411631,Article,ben mathis-lilley,ben mathis-lilley,1,True
411589,Article,ben mathis-lilley,ben mathis-lilley,1,True
411607,Article,ben mathis-lilley,ryan grim,4,True
411587,Article,ben mathis-lilley,eli stokols,4,True
411641,Article,ben mathis-lilley,ashley feinberg,5,True
411626,Article,ben mathis-lilley,eli stokols,3,True
411596,Article,ben mathis-lilley,joshua green,2,True
411624,Article,ben mathis-lilley,shane harris,7,True
411598,Article,ben mathis-lilley,ryan grim,2,True
411618,Article,ben mathis-lilley,ben mathis-lilley,1,True
411603,Article,ben mathis-lilley,ryan grim,2,True
411616,Article,ben mathis-lilley,ryan grim,3,True
411594,Article,ben mathis-lilley,ryan grim,3,True
411675,Tweet,ben mathis-lilley,evan narcisse,6,True
412059,Tweet,ben mathis-lilley,jamil smith,5,True
411899,Tweet,ben mathis-lilley,joel stein,12,True
411802,Tweet,ben mathis-lilley,ben mathis-lilley,1,True
411740,Tweet,ben mathis-lilley,brian crecente,3,True
412103,Tweet,ben mathis-lilley,olga khazan,24,True
412216,Tweet,ben mathis-lilley,shams charania,3,True
411956,Tweet,ben mathis-lilley,brian crecente,8,True
411852,Tweet,ben mathis-lilley,ben mathis-lilley,1,True
411850,Tweet,ben mathis-lilley,dahlia lithwick,2,True
411779,Tweet,ben mathis-lilley,alex wagner,21,True
411812,Tweet,ben mathis-lilley,sarah baxter,10,True
411898,Tweet,ben mathis-lilley,brian crecente,12,True
412159,Tweet,ben mathis-lilley,ben mathis-lilley,1,True
411790,Tweet,ben mathis-lilley,ashley feinberg,2,True
981011,Article,bill plaschke,bill plaschke,1,True
981025,Article,bill plaschke,bill plaschke,1,True
980985,Article,bill plaschke,bill plaschke,1,True
981014,Article,bill plaschke,bill plaschke,1,True
981002,Article,bill plaschke,bill plaschke,1,True
980998,Article,bill plaschke,shams charania,2,True
981005,Article,bill plaschke,bill plaschke,1,True
981006,Article,bill plaschke,bill plaschke,1,True
981034,Article,bill plaschke,bill plaschke,1,True
980993,Article,bill plaschke,bill plaschke,1,True
981024,Article,bill plaschke,bill plaschke,1,True
981026,Article,bill plaschke,bill plaschke,1,True
981007,Article,bill plaschke,bill plaschke,1,True
980991,Article,bill plaschke,bill plaschke,1,True
981003,Article,bill plaschke,bill plaschke,1,True
981553,Tweet,bill plaschke,harry mount,4,True
981284,Tweet,bill plaschke,jamil smith,2,True
981126,Tweet,bill plaschke,bill plaschke,1,True
981419,Tweet,bill plaschke,charles hurt,6,True
981600,Tweet,bill plaschke,bill plaschke,1,True
981084,Tweet,bill plaschke,bill plaschke,1,True
981467,Tweet,bill plaschke,nate silver,9,True
981157,Tweet,bill plaschke,bill plaschke,1,True
981102,Tweet,bill plaschke,bill plaschke,1,True
981279,Tweet,bill plaschke,bill plaschke,1,True
981245,Tweet,bill plaschke,bill plaschke,1,True
981248,Tweet,bill plaschke,christie blatchford,53,False
981359,Tweet,bill plaschke,charles hurt,5,True
981537,Tweet,bill plaschke,bill plaschke,1,True
981570,Tweet,bill plaschke,john mcwhorter,12,True
1225264,Article,brian crecente,brian crecente,1,True
1224266,Article,brian crecente,brian crecente,1,True
1224678,Article,brian crecente,evan narcisse,2,True
1224090,Article,brian crecente,luke winkie,3,True
1224636,Article,brian crecente,evan narcisse,2,True
1225109,Article,brian crecente,brian crecente,1,True
1224597,Article,brian crecente,olga khazan,2,True
1224560,Article,brian crecente,evan narcisse,2,True
1224996,Article,brian crecente,brian crecente,1,True
1225118,Article,brian crecente,brian crecente,1,True
1224374,Article,brian crecente,evan narcisse,5,True
1224705,Article,brian crecente,brian crecente,1,True
1224856,Article,brian crecente,evan narcisse,2,True
1224310,Article,brian crecente,brian crecente,1,True
1224591,Article,brian crecente,evan narcisse,6,True
1225847,Tweet,brian crecente,harry mount,6,True
1225613,Tweet,brian crecente,brian crecente,1,True
1225307,Tweet,brian crecente,brian crecente,1,True
1225404,Tweet,brian crecente,sarah baxter,37,False
1225454,Tweet,brian crecente,ashley feinberg,14,True
1225868,Tweet,brian crecente,ashley feinberg,3,True
1225599,Tweet,brian crecente,bronwen maddox,44,False
1225663,Tweet,brian crecente,mary wakefield,58,False
1225309,Tweet,brian crecente,steve mirsky,60,False
1225430,Tweet,brian crecente,karen tumulty,42,False
1225479,Tweet,brian crecente,brian crecente,1,True
1225589,Tweet,brian crecente,joel stein,33,False
1225342,Tweet,brian crecente,nate silver,54,False
1225756,Tweet,brian crecente,jamil smith,40,False
1225740,Tweet,brian crecente,harry mount,50,False
1034684,Article,bronwen maddox,eli stokols,8,True
1034677,Article,bronwen maddox,philip oltermann,2,True
1034689,Article,bronwen maddox,bronwen maddox,1,True
1034683,Article,bronwen maddox,bronwen maddox,1,True
1034618,Article,bronwen maddox,philip oltermann,8,True
1034626,Article,bronwen maddox,bronwen maddox,1,True
1034610,Article,bronwen maddox,bronwen maddox,1,True
1034622,Article,bronwen maddox,bronwen maddox,1,True
1034662,Article,bronwen maddox,philip oltermann,9,True
1034615,Article,bronwen maddox,bronwen maddox,1,True
1034619,Article,bronwen maddox,bronwen maddox,1,True
1034636,Article,bronwen maddox,bronwen maddox,1,True
1034710,Article,bronwen maddox,bronwen maddox,1,True
1034606,Article,bronwen maddox,philip oltermann,2,True
1034649,Article,bronwen maddox,bronwen maddox,1,True
1035184,Tweet,bronwen maddox,hanna rosin,59,False
1034982,Tweet,bronwen maddox,karen tumulty,16,True
1034929,Tweet,bronwen maddox,sarah baxter,2,True
1035288,Tweet,bronwen maddox,jo marchant,2,True
1034802,Tweet,bronwen maddox,bronwen maddox,1,True
1034870,Tweet,bronwen maddox,bronwen maddox,1,True
1034715,Tweet,bronwen maddox,bronwen maddox,1,True
1035002,Tweet,bronwen maddox,matt ridley,24,True
1035062,Tweet,bronwen maddox,caitlin moran,2,True
1035010,Tweet,bronwen maddox,sarah baxter,2,True
1035143,Tweet,bronwen maddox,caitlin moran,2,True
1035188,Tweet,bronwen maddox,sarah baxter,3,True
1035293,Tweet,bronwen maddox,alex wagner,2,True
1034718,Tweet,bronwen maddox,matt ridley,10,True
1034880,Tweet,bronwen maddox,christie blatchford,2,True
517668,Article,caitlin moran,bronwen maddox,7,True
517690,Article,caitlin moran,sam leith,2,True
517659,Article,caitlin moran,caitlin moran,1,True
517632,Article,caitlin moran,james delingpole,2,True
517658,Article,caitlin moran,caitlin moran,1,True
517624,Article,caitlin moran,sam leith,2,True
517641,Article,caitlin moran,sam leith,2,True
517627,Article,caitlin moran,sam leith,4,True
517670,Article,caitlin moran,caitlin moran,1,True
517676,Article,caitlin moran,caitlin moran,1,True
517680,Article,caitlin moran,sam leith,2,True
517645,Article,caitlin moran,sam leith,2,True
517631,Article,caitlin moran,caitlin moran,1,True
517638,Article,caitlin moran,matt ridley,6,True
517650,Article,caitlin moran,sam leith,10,True
517784,Tweet,caitlin moran,harry mount,7,True
517869,Tweet,caitlin moran,jenna price,6,True
517932,Tweet,caitlin moran,ashley feinberg,10,True
518167,Tweet,caitlin moran,james delingpole,4,True
518225,Tweet,caitlin moran,caitlin moran,1,True
518266,Tweet,caitlin moran,james delingpole,3,True
517840,Tweet,caitlin moran,caitlin moran,1,True
518163,Tweet,caitlin moran,alex wagner,43,False
517724,Tweet,caitlin moran,bronwen maddox,2,True
518165,Tweet,caitlin moran,steve mirsky,23,True
517792,Tweet,caitlin moran,mary wakefield,2,True
518203,Tweet,caitlin moran,evan narcisse,41,False
517952,Tweet,caitlin moran,caitlin moran,1,True
517885,Tweet,caitlin moran,joel stein,14,True
518152,Tweet,caitlin moran,alex wagner,6,True
594354,Article,charles hurt,eric alterman,3,True
594495,Article,charles hurt,sabrina maddeaux,6,True
594515,Article,charles hurt,eli stokols,4,True
594520,Article,charles hurt,eli stokols,2,True
594424,Article,charles hurt,mary wakefield,11,True
594526,Article,charles hurt,eli stokols,3,True
594347,Article,charles hurt,eli stokols,11,True
594395,Article,charles hurt,philip oltermann,8,True
594508,Article,charles hurt,jeremy scahill,2,True
594447,Article,charles hurt,eli stokols,6,True
594426,Article,charles hurt,eli stokols,2,True
594518,Article,charles hurt,jeremy scahill,6,True
594378,Article,charles hurt,eli stokols,7,True
594462,Article,charles hurt,eli stokols,3,True
594650,Article,charles hurt,john mcwhorter,7,True
594712,Tweet,charles hurt,harry mount,42,False
594681,Tweet,charles hurt,charles hurt,1,True
594717,Tweet,charles hurt,alex wagner,39,False
594720,Tweet,charles hurt,charles hurt,1,True
594719,Tweet,charles hurt,charles hurt,1,True
594684,Tweet,charles hurt,sabrina maddeaux,7,True
594659,Tweet,charles hurt,sarah baxter,15,True
594690,Tweet,charles hurt,steve mirsky,43,False
594676,Tweet,charles hurt,sam leith,9,True
594722,Tweet,charles hurt,charles hurt,1,True
594658,Tweet,charles hurt,harry mount,2,True
594671,Tweet,charles hurt,charles hurt,1,True
594708,Tweet,charles hurt,charles hurt,1,True
594689,Tweet,charles hurt,harry mount,3,True
594669,Tweet,charles hurt,bill plaschke,2,True
659322,Article,christie blatchford,sabrina maddeaux,8,True
659346,Article,christie blatchford,christie blatchford,1,True
659317,Article,christie blatchford,christie blatchford,1,True
659315,Article,christie blatchford,philip oltermann,3,True
659344,Article,christie blatchford,christie blatchford,1,True
659332,Article,christie blatchford,sam leith,2,True
659352,Article,christie blatchford,christie blatchford,1,True
659313,Article,christie blatchford,christie blatchford,1,True
659350,Article,christie blatchford,christie blatchford,1,True
659311,Article,christie blatchford,matt ridley,7,True
659316,Article,christie blatchford,sabrina maddeaux,16,True
659356,Article,christie blatchford,bill plaschke,3,True
659325,Article,christie blatchford,lori gottlieb,14,True
659329,Article,christie blatchford,matt ridley,14,True
659355,Article,christie blatchford,christie blatchford,1,True
659947,Tweet,christie blatchford,bill plaschke,2,True
659895,Tweet,christie blatchford,christie blatchford,1,True
659749,Tweet,christie blatchford,jenna price,3,True
659761,Tweet,christie blatchford,justin chang,3,True
659497,Tweet,christie blatchford,lloyd grove,15,True
659786,Tweet,christie blatchford,christie blatchford,1,True
659958,Tweet,christie blatchford,alex wagner,9,True
659665,Tweet,christie blatchford,bronwen maddox,3,True
659436,Tweet,christie blatchford,jenna price,12,True
659915,Tweet,christie blatchford,eric alterman,5,True
659881,Tweet,christie blatchford,caitlin moran,8,True
659446,Tweet,christie blatchford,jenna price,3,True
659385,Tweet,christie blatchford,caitlin moran,3,True
659387,Tweet,christie blatchford,christie blatchford,1,True
659547,Tweet,christie blatchford,bronwen maddox,3,True
674048,Article,dahlia lithwick,dahlia lithwick,1,True
674034,Article,dahlia lithwick,sarah jaffe,5,True
674057,Article,dahlia lithwick,john mcwhorter,2,True
674031,Article,dahlia lithwick,jamil smith,8,True
674039,Article,dahlia lithwick,charles hurt,21,True
674067,Article,dahlia lithwick,dahlia lithwick,1,True
673995,Article,dahlia lithwick,shams charania,14,True
674065,Article,dahlia lithwick,dahlia lithwick,1,True
674073,Article,dahlia lithwick,dahlia lithwick,1,True
674051,Article,dahlia lithwick,jeremy scahill,4,True
674070,Article,dahlia lithwick,eli stokols,5,True
674045,Article,dahlia lithwick,olga khazan,2,True
674011,Article,dahlia lithwick,eli stokols,2,True
673999,Article,dahlia lithwick,jeremy scahill,7,True
674021,Article,dahlia lithwick,jeremy scahill,2,True
674132,Tweet,dahlia lithwick,charles hurt,15,True
674085,Tweet,dahlia lithwick,lloyd grove,2,True
674074,Tweet,dahlia lithwick,caitlin moran,2,True
674121,Tweet,dahlia lithwick,harry mount,4,True
674128,Tweet,dahlia lithwick,molly o’toole,14,True
674099,Tweet,dahlia lithwick,steve mirsky,7,True
674116,Tweet,dahlia lithwick,alex wagner,3,True
674124,Tweet,dahlia lithwick,hanna rosin,37,False
674096,Tweet,dahlia lithwick,ben mathis-lilley,4,True
674118,Tweet,dahlia lithwick,steve mirsky,13,True
674100,Tweet,dahlia lithwick,molly o’toole,11,True
674106,Tweet,dahlia lithwick,caitlin moran,33,False
674079,Tweet,dahlia lithwick,sarah jaffe,36,False
674129,Tweet,dahlia lithwick,katrina vanden heuvel,23,True
674092,Tweet,dahlia lithwick,harry mount,8,True
858806,Article,david patrikarakos,philip oltermann,2,True
858797,Article,david patrikarakos,jeremy scahill,2,True
858815,Article,david patrikarakos,aris roussinos,6,True
858820,Article,david patrikarakos,david patrikarakos,1,True
858819,Article,david patrikarakos,yaakov katz,2,True
858816,Article,david patrikarakos,david patrikarakos,1,True
858831,Article,david patrikarakos,lloyd grove,2,True
858776,Article,david patrikarakos,david patrikarakos,1,True
858763,Article,david patrikarakos,yaakov katz,2,True
858779,Article,david patrikarakos,aris roussinos,3,True
858810,Article,david patrikarakos,jeremy scahill,9,True
858765,Article,david patrikarakos,aris roussinos,5,True
858780,Article,david patrikarakos,yaakov katz,2,True
858773,Article,david patrikarakos,jeremy scahill,2,True
858796,Article,david patrikarakos,david patrikarakos,1,True
859338,Tweet,david patrikarakos,david patrikarakos,1,True
859297,Tweet,david patrikarakos,mary wakefield,19,True
859189,Tweet,david patrikarakos,joel stein,51,False
859010,Tweet,david patrikarakos,caitlin moran,10,True
859165,Tweet,david patrikarakos,bronwen maddox,10,True
859416,Tweet,david patrikarakos,david patrikarakos,1,True
859207,Tweet,david patrikarakos,james delingpole,6,True
859354,Tweet,david patrikarakos,lloyd grove,8,True
859098,Tweet,david patrikarakos,eric alterman,34,False
859188,Tweet,david patrikarakos,harry mount,9,True
859293,Tweet,david patrikarakos,yaakov katz,12,True
858933,Tweet,david patrikarakos,christie blatchford,5,True
858909,Tweet,david patrikarakos,david patrikarakos,1,True
858928,Tweet,david patrikarakos,eric alterman,6,True
859157,Tweet,david patrikarakos,lloyd grove,4,True
382848,Article,ed yong,ed yong,1,True
382925,Article,ed yong,ed yong,1,True
382866,Article,ed yong,lori gottlieb,2,True
383125,Article,ed yong,luke winkie,2,True
382926,Article,ed yong,ed yong,1,True
383126,Article,ed yong,ed yong,1,True
383058,Article,ed yong,kate wong,4,True
383018,Article,ed yong,kate wong,3,True
382988,Article,ed yong,ed yong,1,True
383081,Article,ed yong,kate wong,2,True
383113,Article,ed yong,ed yong,1,True
383064,Article,ed yong,kate wong,2,True
382921,Article,ed yong,ed yong,1,True
383104,Article,ed yong,ed yong,1,True
383097,Article,ed yong,sam leith,12,True
383612,Tweet,ed yong,steve mirsky,2,True
383630,Tweet,ed yong,ed yong,1,True
383656,Tweet,ed yong,steve mirsky,20,True
383353,Tweet,ed yong,brian crecente,15,True
383264,Tweet,ed yong,lori gottlieb,19,True
383417,Tweet,ed yong,jenna price,17,True
383144,Tweet,ed yong,molly o’toole,23,True
383710,Tweet,ed yong,ed yong,1,True
383309,Tweet,ed yong,sarah jaffe,9,True
383615,Tweet,ed yong,lloyd grove,12,True
383370,Tweet,ed yong,sarah jaffe,14,True
383161,Tweet,ed yong,sarah baxter,45,False
383716,Tweet,ed yong,ed yong,1,True
383154,Tweet,ed yong,sarah jaffe,19,True
383608,Tweet,ed yong,karen tumulty,50,False
601708,Article,eli stokols,jeremy scahill,3,True
601692,Article,eli stokols,eli stokols,1,True
601667,Article,eli stokols,eli stokols,1,True
601694,Article,eli stokols,shane harris,2,True
601691,Article,eli stokols,eli stokols,1,True
601690,Article,eli stokols,eli stokols,1,True
601679,Article,eli stokols,eli stokols,1,True
601673,Article,eli stokols,eli stokols,1,True
601696,Article,eli stokols,eli stokols,1,True
601672,Article,eli stokols,eli stokols,1,True
601689,Article,eli stokols,shane harris,2,True
601709,Article,eli stokols,eli stokols,1,True
601697,Article,eli stokols,eli stokols,1,True
601704,Article,eli stokols,shane harris,2,True
601703,Article,eli stokols,shane harris,2,True
602113,Tweet,eli stokols,eli stokols,1,True
601968,Tweet,eli stokols,dahlia lithwick,41,False
602054,Tweet,eli stokols,karen tumulty,8,True
601782,Tweet,eli stokols,jamil smith,29,True
602189,Tweet,eli stokols,ryan grim,2,True
602014,Tweet,eli stokols,bill plaschke,4,True
602058,Tweet,eli stokols,charles hurt,10,True
602141,Tweet,eli stokols,caitlin moran,54,False
601800,Tweet,eli stokols,jon wiener,2,True
601961,Tweet,eli stokols,eli stokols,1,True
602171,Tweet,eli stokols,shane harris,11,True
602126,Tweet,eli stokols,molly o’toole,17,True
602062,Tweet,eli stokols,bill plaschke,6,True
602050,Tweet,eli stokols,jenna price,42,False
602191,Tweet,eli stokols,joshua green,4,True
698216,Article,emily willingham,olga khazan,10,True
698187,Article,emily willingham,kate wong,2,True
698178,Article,emily willingham,ed yong,3,True
698193,Article,emily willingham,matt ridley,10,True
698183,Article,emily willingham,tom simonite,3,True
698218,Article,emily willingham,kate wong,2,True
698215,Article,emily willingham,molly o’toole,17,True
698220,Article,emily willingham,ed yong,3,True
698236,Article,emily willingham,olga khazan,7,True
698205,Article,emily willingham,kate wong,4,True
698221,Article,emily willingham,ed yong,2,True
698203,Article,emily willingham,kate wong,2,True
698199,Article,emily willingham,ed yong,2,True
698197,Article,emily willingham,kate wong,3,True
698208,Article,emily willingham,kate wong,5,True
698686,Tweet,emily willingham,olga khazan,2,True
698357,Tweet,emily willingham,jay newton-small,16,True
698277,Tweet,emily willingham,luke winkie,23,True
698754,Tweet,emily willingham,ashley feinberg,21,True
698819,Tweet,emily willingham,ashley feinberg,10,True
698534,Tweet,emily willingham,lori gottlieb,3,True
698350,Tweet,emily willingham,shane harris,22,True
698803,Tweet,emily willingham,charles hurt,35,False
698443,Tweet,emily willingham,ryan grim,25,True
698252,Tweet,emily willingham,harry mount,36,False
698587,Tweet,emily willingham,lori gottlieb,6,True
698451,Tweet,emily willingham,david patrikarakos,28,True
698556,Tweet,emily willingham,sarah baxter,19,True
698410,Tweet,emily willingham,bill plaschke,33,False
698589,Tweet,emily willingham,ashley feinberg,5,True
532647,Article,eric alterman,eric alterman,1,True
532562,Article,eric alterman,eric alterman,1,True
532534,Article,eric alterman,john mcwhorter,9,True
532580,Article,eric alterman,eric alterman,1,True
532542,Article,eric alterman,john mcwhorter,10,True
532665,Article,eric alterman,philip oltermann,3,True
532579,Article,eric alterman,ryan grim,4,True
532654,Article,eric alterman,jon wiener,3,True
532588,Article,eric alterman,olga khazan,15,True
532550,Article,eric alterman,ryan grim,6,True
532549,Article,eric alterman,yaakov katz,6,True
532634,Article,eric alterman,philip oltermann,3,True
532610,Article,eric alterman,eric alterman,1,True
532608,Article,eric alterman,yaakov katz,3,True
532642,Article,eric alterman,jeremy scahill,2,True
532908,Tweet,eric alterman,evan narcisse,50,False
532705,Tweet,eric alterman,hanna rosin,2,True
532674,Tweet,eric alterman,lloyd grove,4,True
533055,Tweet,eric alterman,christie blatchford,17,True
533183,Tweet,eric alterman,hanna rosin,40,False
532891,Tweet,eric alterman,christie blatchford,16,True
532943,Tweet,eric alterman,hanna rosin,7,True
532952,Tweet,eric alterman,charles hurt,24,True
532859,Tweet,eric alterman,harry mount,10,True
532820,Tweet,eric alterman,christie blatchford,13,True
532757,Tweet,eric alterman,joshua green,18,True
532825,Tweet,eric alterman,steve mirsky,29,True
533144,Tweet,eric alterman,nate silver,4,True
532948,Tweet,eric alterman,ben mathis-lilley,2,True
533225,Tweet,eric alterman,eric alterman,1,True
1054151,Article,erin gloria ryan,lori gottlieb,5,True
1054028,Article,erin gloria ryan,shane harris,4,True
1054135,Article,erin gloria ryan,olga khazan,15,True
1054199,Article,erin gloria ryan,lori gottlieb,2,True
1054193,Article,erin gloria ryan,eli stokols,12,True
1054146,Article,erin gloria ryan,olga khazan,7,True
1054058,Article,erin gloria ryan,erin gloria ryan,1,True
1054095,Article,erin gloria ryan,erin gloria ryan,1,True
1054205,Article,erin gloria ryan,john mcwhorter,9,True
1054123,Article,erin gloria ryan,erin gloria ryan,1,True
1054120,Article,erin gloria ryan,alex wagner,2,True
1054118,Article,erin gloria ryan,erin gloria ryan,1,True
1054107,Article,erin gloria ryan,olga khazan,4,True
1054018,Article,erin gloria ryan,erin gloria ryan,1,True
1054090,Article,erin gloria ryan,erin gloria ryan,1,True
1054680,Tweet,erin gloria ryan,harry mount,12,True
1054547,Tweet,erin gloria ryan,steve mirsky,24,True
1054352,Tweet,erin gloria ryan,harry mccracken,7,True
1054722,Tweet,erin gloria ryan,ashley feinberg,4,True
1054516,Tweet,erin gloria ryan,jamil smith,6,True
1054260,Tweet,erin gloria ryan,olga khazan,4,True
1054441,Tweet,erin gloria ryan,luke winkie,3,True
1054221,Tweet,erin gloria ryan,dahlia lithwick,12,True
1054704,Tweet,erin gloria ryan,erin gloria ryan,1,True
1054313,Tweet,erin gloria ryan,alex wagner,16,True
1054405,Tweet,erin gloria ryan,jamil smith,7,True
1054632,Tweet,erin gloria ryan,erin gloria ryan,1,True
1054587,Tweet,erin gloria ryan,shams charania,23,True
1054487,Tweet,erin gloria ryan,sarah baxter,17,True
1054693,Tweet,erin gloria ryan,erin gloria ryan,1,True
466174,Article,evan narcisse,john mcwhorter,17,True
466175,Article,evan narcisse,evan narcisse,1,True
466137,Article,evan narcisse,evan narcisse,1,True
466190,Article,evan narcisse,lori gottlieb,4,True
466118,Article,evan narcisse,evan narcisse,1,True
466121,Article,evan narcisse,luke winkie,2,True
466101,Article,evan narcisse,brian crecente,2,True
466191,Article,evan narcisse,evan narcisse,1,True
466119,Article,evan narcisse,evan narcisse,1,True
466131,Article,evan narcisse,evan narcisse,1,True
466160,Article,evan narcisse,evan narcisse,1,True
466150,Article,evan narcisse,lorraine ali,2,True
466212,Article,evan narcisse,evan narcisse,1,True
466099,Article,evan narcisse,evan narcisse,1,True
466113,Article,evan narcisse,evan narcisse,1,True
466703,Tweet,evan narcisse,ben mathis-lilley,19,True
466688,Tweet,evan narcisse,joshua green,46,False
466610,Tweet,evan narcisse,dahlia lithwick,39,False
466768,Tweet,evan narcisse,brian crecente,17,True
466641,Tweet,evan narcisse,luke winkie,13,True
466600,Tweet,evan narcisse,erin gloria ryan,5,True
466812,Tweet,evan narcisse,philip oltermann,54,False
466349,Tweet,evan narcisse,brian crecente,2,True
466473,Tweet,evan narcisse,alexis madrigal,3,True
466295,Tweet,evan narcisse,evan narcisse,1,True
466397,Tweet,evan narcisse,luke winkie,14,True
466723,Tweet,evan narcisse,james fallows,29,True
466539,Tweet,evan narcisse,jamil smith,6,True
466233,Tweet,evan narcisse,alexis madrigal,18,True
466569,Tweet,evan narcisse,brian crecente,2,True
974652,Article,hanna rosin,olga khazan,24,True
974643,Article,hanna rosin,olga khazan,12,True
974628,Article,hanna rosin,james fallows,12,True
974617,Article,hanna rosin,shane harris,19,True
974659,Article,hanna rosin,lori gottlieb,9,True
974621,Article,hanna rosin,sam leith,18,True
974656,Article,hanna rosin,sam leith,6,True
974662,Article,hanna rosin,eric alterman,18,True
974651,Article,hanna rosin,olga khazan,18,True
974658,Article,hanna rosin,karen tumulty,3,True
974646,Article,hanna rosin,lori gottlieb,3,True
974627,Article,hanna rosin,olga khazan,8,True
974629,Article,hanna rosin,john mcwhorter,12,True
974633,Article,hanna rosin,lori gottlieb,6,True
974650,Article,hanna rosin,lori gottlieb,8,True
975086,Tweet,hanna rosin,jenna price,20,True
974800,Tweet,hanna rosin,luke winkie,35,False
974873,Tweet,hanna rosin,jay newton-small,11,True
975144,Tweet,hanna rosin,jay newton-small,15,True
974807,Tweet,hanna rosin,sarah jaffe,5,True
974964,Tweet,hanna rosin,luke winkie,13,True
974947,Tweet,hanna rosin,ed yong,10,True
975078,Tweet,hanna rosin,lloyd grove,47,False
975222,Tweet,hanna rosin,jamil smith,34,False
975193,Tweet,hanna rosin,jamil smith,3,True
975249,Tweet,hanna rosin,david patrikarakos,28,True
974798,Tweet,hanna rosin,lloyd grove,15,True
975214,Tweet,hanna rosin,steve mirsky,2,True
974900,Tweet,hanna rosin,alex wagner,3,True
974980,Tweet,hanna rosin,brian crecente,18,True
754876,Article,harry mccracken,alexis madrigal,4,True
754901,Article,harry mccracken,harry mccracken,1,True
754936,Article,harry mccracken,harry mccracken,1,True
754956,Article,harry mccracken,joel stein,3,True
754958,Article,harry mccracken,harry mccracken,1,True
754939,Article,harry mccracken,harry mccracken,1,True
754920,Article,harry mccracken,harry mccracken,1,True
754900,Article,harry mccracken,harry mccracken,1,True
754923,Article,harry mccracken,harry mccracken,1,True
754962,Article,harry mccracken,ashley feinberg,17,True
754937,Article,harry mccracken,harry mccracken,1,True
754926,Article,harry mccracken,harry mccracken,1,True
754882,Article,harry mccracken,harry mccracken,1,True
754908,Article,harry mccracken,harry mccracken,1,True
754945,Article,harry mccracken,harry mccracken,1,True
755286,Tweet,harry mccracken,jon wiener,16,True
755132,Tweet,harry mccracken,steve mirsky,14,True
755055,Tweet,harry mccracken,harry mccracken,1,True
755430,Tweet,harry mccracken,bronwen maddox,32,True
755138,Tweet,harry mccracken,jonathan kay,57,False
755403,Tweet,harry mccracken,erin gloria ryan,2,True
755045,Tweet,harry mccracken,james delingpole,38,False
755167,Tweet,harry mccracken,harry mount,50,False
755162,Tweet,harry mccracken,christie blatchford,25,True
755020,Tweet,harry mccracken,alex wagner,33,False
755252,Tweet,harry mccracken,harry mccracken,1,True
755281,Tweet,harry mccracken,christie blatchford,39,False
755546,Tweet,harry mccracken,steve mirsky,43,False
754977,Tweet,harry mccracken,harry mccracken,1,True
755032,Tweet,harry mccracken,ben mathis-lilley,2,True
1154869,Article,harry mount,sam leith,5,True
1154825,Article,harry mount,matt ridley,7,True
1154817,Article,harry mount,sam leith,5,True
1154790,Article,harry mount,aris roussinos,9,True
1154776,Article,harry mount,aris roussinos,6,True
1154856,Article,harry mount,sam leith,5,True
1154848,Article,harry mount,sam leith,7,True
1154828,Article,harry mount,sam leith,4,True
1154807,Article,harry mount,matt ridley,4,True
1154863,Article,harry mount,sam leith,8,True
1154867,Article,harry mount,lori gottlieb,48,False
1154823,Article,harry mount,sam leith,5,True
1154801,Article,harry mount,sam leith,5,True
1154834,Article,harry mount,sam leith,6,True
1154850,Article,harry mount,sam leith,7,True
1155316,Tweet,harry mount,harry mount,1,True
1155330,Tweet,harry mount,harry mount,1,True
1155404,Tweet,harry mount,harry mount,1,True
1155189,Tweet,harry mount,harry mount,1,True
1155211,Tweet,harry mount,harry mount,1,True
1155126,Tweet,harry mount,harry mount,1,True
1155274,Tweet,harry mount,harry mount,1,True
1154929,Tweet,harry mount,harry mount,1,True
1155370,Tweet,harry mount,harry mount,1,True
1155471,Tweet,harry mount,bronwen maddox,5,True
1155150,Tweet,harry mount,harry mount,1,True
1155104,Tweet,harry mount,bronwen maddox,2,True
1155432,Tweet,harry mount,harry mount,1,True
1155148,Tweet,harry mount,harry mount,1,True
1155017,Tweet,harry mount,harry mount,1,True
327137,Article,james delingpole,caitlin moran,2,True
327085,Article,james delingpole,justin chang,6,True
327077,Article,james delingpole,sam leith,2,True
327102,Article,james delingpole,sam leith,6,True
326949,Article,james delingpole,sam leith,2,True
327161,Article,james delingpole,bronwen maddox,3,True
326970,Article,james delingpole,sam leith,3,True
327111,Article,james delingpole,sam leith,3,True
327081,Article,james delingpole,aris roussinos,8,True
327017,Article,james delingpole,sam leith,2,True
327134,Article,james delingpole,sam leith,2,True
327163,Article,james delingpole,john mcwhorter,4,True
327067,Article,james delingpole,sam leith,2,True
327054,Article,james delingpole,sam leith,2,True
326930,Article,james delingpole,sam leith,3,True
327188,Tweet,james delingpole,lloyd grove,6,True
327310,Tweet,james delingpole,sarah baxter,16,True
327388,Tweet,james delingpole,luke winkie,46,False
327198,Tweet,james delingpole,alexis madrigal,2,True
327443,Tweet,james delingpole,joel stein,8,True
327262,Tweet,james delingpole,james delingpole,1,True
327237,Tweet,james delingpole,steve mirsky,7,True
327546,Tweet,james delingpole,sabrina maddeaux,49,False
327291,Tweet,james delingpole,steve mirsky,30,True
327518,Tweet,james delingpole,alex wagner,39,False
327186,Tweet,james delingpole,caitlin moran,5,True
327445,Tweet,james delingpole,sarah baxter,17,True
327460,Tweet,james delingpole,steve mirsky,34,False
327202,Tweet,james delingpole,sarah baxter,6,True
327260,Tweet,james delingpole,jenna price,12,True
724244,Article,james fallows,john mcwhorter,6,True
724377,Article,james fallows,john mcwhorter,6,True
724157,Article,james fallows,john mcwhorter,2,True
723614,Article,james fallows,james fallows,1,True
723532,Article,james fallows,james fallows,1,True
724124,Article,james fallows,john mcwhorter,15,True
723635,Article,james fallows,ed yong,5,True
724035,Article,james fallows,sam leith,34,False
723774,Article,james fallows,eric alterman,14,True
723799,Article,james fallows,eric alterman,3,True
723543,Article,james fallows,james fallows,1,True
723998,Article,james fallows,jeremy scahill,2,True
724108,Article,james fallows,john mcwhorter,6,True
724131,Article,james fallows,joshua green,4,True
723685,Article,james fallows,joshua green,3,True
724859,Tweet,james fallows,erin gloria ryan,3,True
724426,Tweet,james fallows,james fallows,1,True
724534,Tweet,james fallows,james fallows,1,True
724849,Tweet,james fallows,ryan grim,8,True
724716,Tweet,james fallows,steve mirsky,17,True
724817,Tweet,james fallows,james fallows,1,True
724637,Tweet,james fallows,nicholas thompson,13,True
724678,Tweet,james fallows,james fallows,1,True
724757,Tweet,james fallows,james fallows,1,True
724522,Tweet,james fallows,jon wiener,2,True
724408,Tweet,james fallows,karen tumulty,6,True
724422,Tweet,james fallows,harry mccracken,3,True
724525,Tweet,james fallows,steve mirsky,17,True
724651,Tweet,james fallows,nicholas thompson,4,True
724429,Tweet,james fallows,james fallows,1,True
235065,Article,jamil smith,tom simonite,6,True
235063,Article,jamil smith,bill plaschke,17,True
235068,Article,jamil smith,shane harris,9,True
235087,Article,jamil smith,olga khazan,8,True
235073,Article,jamil smith,jeremy scahill,2,True
235072,Article,jamil smith,philip oltermann,12,True
235060,Article,jamil smith,shane harris,6,True
235043,Article,jamil smith,eli stokols,13,True
235039,Article,jamil smith,ryan grim,4,True
235071,Article,jamil smith,olga khazan,3,True
235090,Article,jamil smith,jeremy scahill,2,True
235050,Article,jamil smith,jamil smith,1,True
235051,Article,jamil smith,sarah jaffe,3,True
235077,Article,jamil smith,karen tumulty,7,True
235093,Article,jamil smith,jamil smith,1,True
235563,Tweet,jamil smith,lori gottlieb,38,False
235683,Tweet,jamil smith,steve mirsky,46,False
235437,Tweet,jamil smith,john mcwhorter,10,True
235469,Tweet,jamil smith,john mcwhorter,3,True
235688,Tweet,jamil smith,jamil smith,1,True
235318,Tweet,jamil smith,joel stein,8,True
235515,Tweet,jamil smith,dahlia lithwick,8,True
235460,Tweet,jamil smith,alexis madrigal,6,True
235445,Tweet,jamil smith,jon wiener,3,True
235425,Tweet,jamil smith,shams charania,10,True
235536,Tweet,jamil smith,molly o’toole,4,True
235526,Tweet,jamil smith,jamil smith,1,True
235369,Tweet,jamil smith,jamil smith,1,True
235153,Tweet,jamil smith,dahlia lithwick,13,True
235546,Tweet,jamil smith,jamil smith,1,True
378460,Article,jay newton-small,olga khazan,16,True
378517,Article,jay newton-small,eli stokols,16,True
378521,Article,jay newton-small,eli stokols,3,True
378471,Article,jay newton-small,eli stokols,4,True
378499,Article,jay newton-small,jay newton-small,1,True
378480,Article,jay newton-small,joel stein,5,True
378543,Article,jay newton-small,joshua green,6,True
378504,Article,jay newton-small,jeremy scahill,22,True
378500,Article,jay newton-small,jay newton-small,1,True
378452,Article,jay newton-small,yaakov katz,22,True
378506,Article,jay newton-small,eli stokols,3,True
378498,Article,jay newton-small,jamil smith,12,True
378468,Article,jay newton-small,emily willingham,2,True
378536,Article,jay newton-small,ryan grim,5,True
378511,Article,jay newton-small,eli stokols,10,True
379046,Tweet,jay newton-small,charles hurt,22,True
378697,Tweet,jay newton-small,alex wagner,11,True
378547,Tweet,jay newton-small,bronwen maddox,38,False
378887,Tweet,jay newton-small,jamil smith,12,True
379049,Tweet,jay newton-small,harry mount,17,True
378644,Tweet,jay newton-small,jay newton-small,1,True
379068,Tweet,jay newton-small,harry mccracken,38,False
378947,Tweet,jay newton-small,jay newton-small,1,True
378605,Tweet,jay newton-small,charles hurt,4,True
378961,Tweet,jay newton-small,jay newton-small,1,True
378716,Tweet,jay newton-small,jay newton-small,1,True
378950,Tweet,jay newton-small,jay newton-small,1,True
378804,Tweet,jay newton-small,evan narcisse,39,False
378871,Tweet,jay newton-small,charles hurt,11,True
378736,Tweet,jay newton-small,sarah jaffe,19,True
1023942,Article,jenna price,jenna price,1,True
1023941,Article,jenna price,jenna price,1,True
1023974,Article,jenna price,jenna price,1,True
1023967,Article,jenna price,lori gottlieb,2,True
1023940,Article,jenna price,jenna price,1,True
1023976,Article,jenna price,jenna price,1,True
1023959,Article,jenna price,jenna price,1,True
1023978,Article,jenna price,jenna price,1,True
1023958,Article,jenna price,jenna price,1,True
1023949,Article,jenna price,jenna price,1,True
1023945,Article,jenna price,jenna price,1,True
1023934,Article,jenna price,jenna price,1,True
1023954,Article,jenna price,jenna price,1,True
1023932,Article,jenna price,jenna price,1,True
1023966,Article,jenna price,jenna price,1,True
1024475,Tweet,jenna price,jenna price,1,True
1024314,Tweet,jenna price,lorraine ali,4,True
1024395,Tweet,jenna price,sarah baxter,44,False
1024343,Tweet,jenna price,steve mirsky,2,True
1024286,Tweet,jenna price,jenna price,1,True
1024072,Tweet,jenna price,jenna price,1,True
1024295,Tweet,jenna price,jenna price,1,True
1024331,Tweet,jenna price,kate wong,8,True
1024102,Tweet,jenna price,jenna price,1,True
1023979,Tweet,jenna price,bill plaschke,10,True
1024231,Tweet,jenna price,steve mirsky,2,True
1024030,Tweet,jenna price,jenna price,1,True
1024259,Tweet,jenna price,joel stein,36,False
1024149,Tweet,jenna price,jenna price,1,True
1024035,Tweet,jenna price,jenna price,1,True
287288,Article,jeremy scahill,jeremy scahill,1,True
287262,Article,jeremy scahill,jeremy scahill,1,True
287296,Article,jeremy scahill,jeremy scahill,1,True
287241,Article,jeremy scahill,jeremy scahill,1,True
287242,Article,jeremy scahill,jeremy scahill,1,True
287293,Article,jeremy scahill,jeremy scahill,1,True
287261,Article,jeremy scahill,jeremy scahill,1,True
287247,Article,jeremy scahill,jeremy scahill,1,True
287269,Article,jeremy scahill,jeremy scahill,1,True
287297,Article,jeremy scahill,jamil smith,5,True
287273,Article,jeremy scahill,jeremy scahill,1,True
287274,Article,jeremy scahill,jeremy scahill,1,True
287259,Article,jeremy scahill,jeremy scahill,1,True
287300,Article,jeremy scahill,jeremy scahill,1,True
287302,Article,jeremy scahill,jeremy scahill,1,True
287337,Tweet,jeremy scahill,bronwen maddox,5,True
287660,Tweet,jeremy scahill,ben mathis-lilley,9,True
287650,Tweet,jeremy scahill,nate silver,45,False
287522,Tweet,jeremy scahill,sarah jaffe,49,False
287515,Tweet,jeremy scahill,jeremy scahill,1,True
287502,Tweet,jeremy scahill,jeremy scahill,1,True
287363,Tweet,jeremy scahill,katrina vanden heuvel,10,True
287518,Tweet,jeremy scahill,emily willingham,11,True
287715,Tweet,jeremy scahill,sarah baxter,9,True
287479,Tweet,jeremy scahill,jamil smith,3,True
287821,Tweet,jeremy scahill,charles hurt,14,True
287395,Tweet,jeremy scahill,eli stokols,8,True
287599,Tweet,jeremy scahill,jeremy scahill,1,True
287697,Tweet,jeremy scahill,sarah baxter,3,True
287424,Tweet,jeremy scahill,jeremy scahill,1,True
576450,Article,jo marchant,jo marchant,1,True
576392,Article,jo marchant,yaakov katz,17,True
576424,Article,jo marchant,ryan grim,35,False
576396,Article,jo marchant,emily willingham,10,True
576426,Article,jo marchant,lori gottlieb,8,True
576359,Article,jo marchant,bronwen maddox,3,True
576401,Article,jo marchant,kate wong,2,True
576418,Article,jo marchant,ed yong,5,True
576435,Article,jo marchant,philip oltermann,4,True
576393,Article,jo marchant,sam leith,14,True
576411,Article,jo marchant,jo marchant,1,True
576414,Article,jo marchant,aris roussinos,51,False
576381,Article,jo marchant,matt ridley,8,True
576387,Article,jo marchant,kate wong,2,True
576443,Article,jo marchant,harry mount,12,True
577049,Tweet,jo marchant,jo marchant,1,True
577050,Tweet,jo marchant,lloyd grove,47,False
576956,Tweet,jo marchant,jo marchant,1,True
576654,Tweet,jo marchant,jo marchant,1,True
576984,Tweet,jo marchant,ed yong,10,True
576997,Tweet,jo marchant,kate wong,2,True
576845,Tweet,jo marchant,sarah baxter,10,True
576695,Tweet,jo marchant,christie blatchford,12,True
576544,Tweet,jo marchant,alex wagner,57,False
576767,Tweet,jo marchant,jo marchant,1,True
576755,Tweet,jo marchant,jay newton-small,24,True
576658,Tweet,jo marchant,alex wagner,56,False
576644,Tweet,jo marchant,jo marchant,1,True
576487,Tweet,jo marchant,bronwen maddox,5,True
576683,Tweet,jo marchant,lloyd grove,53,False
824198,Article,joel stein,john mcwhorter,2,True
824214,Article,joel stein,joel stein,1,True
824152,Article,joel stein,bill plaschke,2,True
824211,Article,joel stein,joel stein,1,True
824169,Article,joel stein,joel stein,1,True
824166,Article,joel stein,joel stein,1,True
824185,Article,joel stein,joel stein,1,True
824137,Article,joel stein,joel stein,1,True
824132,Article,joel stein,olga khazan,25,True
824206,Article,joel stein,justin chang,23,True
824165,Article,joel stein,joel stein,1,True
824207,Article,joel stein,james fallows,3,True
824156,Article,joel stein,joel stein,1,True
824194,Article,joel stein,olga khazan,13,True
824174,Article,joel stein,john mcwhorter,10,True
824754,Tweet,joel stein,charles hurt,4,True
824769,Tweet,joel stein,joshua green,7,True
824402,Tweet,joel stein,lloyd grove,20,True
824540,Tweet,joel stein,harry mount,10,True
824358,Tweet,joel stein,lloyd grove,13,True
824283,Tweet,joel stein,steve mirsky,18,True
824759,Tweet,joel stein,jon wiener,20,True
824557,Tweet,joel stein,joel stein,1,True
824336,Tweet,joel stein,lloyd grove,6,True
824601,Tweet,joel stein,sarah baxter,5,True
824383,Tweet,joel stein,aaron gleeman,15,True
824304,Tweet,joel stein,lloyd grove,4,True
824776,Tweet,joel stein,ed yong,19,True
824410,Tweet,joel stein,jenna price,35,False
824269,Tweet,joel stein,nicholas thompson,4,True
377709,Article,john mcwhorter,john mcwhorter,1,True
377740,Article,john mcwhorter,jeremy scahill,2,True
377672,Article,john mcwhorter,jeremy scahill,2,True
377693,Article,john mcwhorter,john mcwhorter,1,True
377730,Article,john mcwhorter,sarah jaffe,3,True
377844,Article,john mcwhorter,john mcwhorter,1,True
377812,Article,john mcwhorter,john mcwhorter,1,True
377771,Article,john mcwhorter,john mcwhorter,1,True
377763,Article,john mcwhorter,john mcwhorter,1,True
377733,Article,john mcwhorter,john mcwhorter,1,True
377706,Article,john mcwhorter,john mcwhorter,1,True
377718,Article,john mcwhorter,john mcwhorter,1,True
377811,Article,john mcwhorter,john mcwhorter,1,True
377679,Article,john mcwhorter,jeremy scahill,2,True
377698,Article,john mcwhorter,john mcwhorter,1,True
378417,Tweet,john mcwhorter,karen tumulty,19,True
378224,Tweet,john mcwhorter,john mcwhorter,1,True
378081,Tweet,john mcwhorter,erin gloria ryan,5,True
378230,Tweet,john mcwhorter,jonathan kay,19,True
378407,Tweet,john mcwhorter,harry mount,9,True
378100,Tweet,john mcwhorter,charles hurt,29,True
378165,Tweet,john mcwhorter,evan narcisse,3,True
378084,Tweet,john mcwhorter,ed yong,27,True
378263,Tweet,john mcwhorter,matt ridley,7,True
378149,Tweet,john mcwhorter,luke winkie,17,True
377985,Tweet,john mcwhorter,john mcwhorter,1,True
378445,Tweet,john mcwhorter,evan narcisse,16,True
377857,Tweet,john mcwhorter,john mcwhorter,1,True
377974,Tweet,john mcwhorter,david patrikarakos,10,True
377920,Tweet,john mcwhorter,jay newton-small,47,False
916762,Article,jon wiener,olga khazan,32,True
916788,Article,jon wiener,jeremy scahill,17,True
916776,Article,jon wiener,sarah jaffe,21,True
916773,Article,jon wiener,matt ridley,15,True
916793,Article,jon wiener,jon wiener,1,True
916780,Article,jon wiener,emily willingham,2,True
916768,Article,jon wiener,shane harris,16,True
916791,Article,jon wiener,shane harris,7,True
916795,Article,jon wiener,ryan grim,2,True
916784,Article,jon wiener,aris roussinos,9,True
916781,Article,jon wiener,jon wiener,1,True
916772,Article,jon wiener,eli stokols,4,True
916783,Article,jon wiener,jonathan kay,19,True
916764,Article,jon wiener,jeremy scahill,15,True
916786,Article,jon wiener,ryan grim,3,True
917221,Tweet,jon wiener,jon wiener,1,True
917099,Tweet,jon wiener,katrina vanden heuvel,3,True
916953,Tweet,jon wiener,jon wiener,1,True
916976,Tweet,jon wiener,ryan grim,3,True
917186,Tweet,jon wiener,james delingpole,20,True
916835,Tweet,jon wiener,katrina vanden heuvel,8,True
917362,Tweet,jon wiener,jon wiener,1,True
916995,Tweet,jon wiener,jon wiener,1,True
917336,Tweet,jon wiener,jon wiener,1,True
917292,Tweet,jon wiener,jon wiener,1,True
916960,Tweet,jon wiener,jon wiener,1,True
917309,Tweet,jon wiener,eric alterman,3,True
917338,Tweet,jon wiener,dahlia lithwick,3,True
916877,Tweet,jon wiener,sarah jaffe,2,True
917259,Tweet,jon wiener,jon wiener,1,True
1132911,Article,jonathan kay,matt ridley,4,True
1132906,Article,jonathan kay,eric alterman,14,True
1132908,Article,jonathan kay,lori gottlieb,17,True
1132877,Article,jonathan kay,jonathan kay,1,True
1132890,Article,jonathan kay,lori gottlieb,16,True
1132894,Article,jonathan kay,jeremy scahill,2,True
1132916,Article,jonathan kay,jonathan kay,1,True
1132917,Article,jonathan kay,jonathan kay,1,True
1132867,Article,jonathan kay,jonathan kay,1,True
1132876,Article,jonathan kay,jonathan kay,1,True
1132918,Article,jonathan kay,eli stokols,20,True
1132901,Article,jonathan kay,jeremy scahill,2,True
1132878,Article,jonathan kay,jonathan kay,1,True
1132883,Article,jonathan kay,lori gottlieb,4,True
1132892,Article,jonathan kay,lori gottlieb,5,True
1133201,Tweet,jonathan kay,christie blatchford,6,True
1132977,Tweet,jonathan kay,harry mount,37,False
1133157,Tweet,jonathan kay,brian crecente,19,True
1133035,Tweet,jonathan kay,kate wong,8,True
1133227,Tweet,jonathan kay,caitlin moran,6,True
1133511,Tweet,jonathan kay,caitlin moran,25,True
1132958,Tweet,jonathan kay,john mcwhorter,31,True
1133295,Tweet,jonathan kay,harry mount,15,True
1133252,Tweet,jonathan kay,luke winkie,11,True
1132923,Tweet,jonathan kay,charles hurt,2,True
1133176,Tweet,jonathan kay,christie blatchford,2,True
1133014,Tweet,jonathan kay,hanna rosin,19,True
1133332,Tweet,jonathan kay,ben mathis-lilley,23,True
1133463,Tweet,jonathan kay,joel stein,15,True
1133098,Tweet,jonathan kay,tom simonite,42,False
750286,Article,joshua green,ryan grim,6,True
750268,Article,joshua green,joshua green,1,True
750270,Article,joshua green,eli stokols,3,True
750295,Article,joshua green,joshua green,1,True
750294,Article,joshua green,joshua green,1,True
750290,Article,joshua green,eli stokols,2,True
750283,Article,joshua green,eric alterman,2,True
750278,Article,joshua green,john mcwhorter,13,True
750282,Article,joshua green,eric alterman,4,True
750288,Article,joshua green,ryan grim,10,True
750274,Article,joshua green,eli stokols,6,True
750303,Article,joshua green,john mcwhorter,13,True
750273,Article,joshua green,eric alterman,4,True
750302,Article,joshua green,john mcwhorter,15,True
750276,Article,joshua green,alex wagner,8,True
750845,Tweet,joshua green,jamil smith,26,True
750893,Tweet,joshua green,lloyd grove,15,True
750852,Tweet,joshua green,ben mathis-lilley,24,True
750449,Tweet,joshua green,sarah jaffe,22,True
750558,Tweet,joshua green,katrina vanden heuvel,3,True
750421,Tweet,joshua green,charles hurt,28,True
750644,Tweet,joshua green,luke winkie,33,False
750348,Tweet,joshua green,ashley feinberg,7,True
750525,Tweet,joshua green,evan narcisse,40,False
750463,Tweet,joshua green,eric alterman,26,True
750327,Tweet,joshua green,charles hurt,21,True
750730,Tweet,joshua green,tom simonite,17,True
750359,Tweet,joshua green,tom simonite,23,True
750906,Tweet,joshua green,james fallows,13,True
750509,Tweet,joshua green,harry mount,18,True
961742,Article,justin chang,justin chang,1,True
961768,Article,justin chang,justin chang,1,True
961780,Article,justin chang,justin chang,1,True
961771,Article,justin chang,justin chang,1,True
961727,Article,justin chang,justin chang,1,True
961731,Article,justin chang,justin chang,1,True
961733,Article,justin chang,justin chang,1,True
961777,Article,justin chang,justin chang,1,True
961738,Article,justin chang,justin chang,1,True
961748,Article,justin chang,justin chang,1,True
961754,Article,justin chang,justin chang,1,True
961739,Article,justin chang,justin chang,1,True
961737,Article,justin chang,justin chang,1,True
961767,Article,justin chang,justin chang,1,True
961785,Article,justin chang,justin chang,1,True
961946,Tweet,justin chang,james fallows,47,False
962219,Tweet,justin chang,justin chang,1,True
962004,Tweet,justin chang,bronwen maddox,14,True
962055,Tweet,justin chang,justin chang,1,True
962349,Tweet,justin chang,eric alterman,48,False
961959,Tweet,justin chang,jo marchant,41,False
962021,Tweet,justin chang,lorraine ali,2,True
962268,Tweet,justin chang,steve mirsky,48,False
961858,Tweet,justin chang,alex wagner,53,False
962189,Tweet,justin chang,brian crecente,6,True
961847,Tweet,justin chang,steve mirsky,51,False
962234,Tweet,justin chang,harry mount,3,True
961939,Tweet,justin chang,justin chang,1,True
962338,Tweet,justin chang,steve mirsky,21,True
961915,Tweet,justin chang,caitlin moran,28,True
1129083,Article,karen tumulty,karen tumulty,1,True
1129026,Article,karen tumulty,karen tumulty,1,True
1129059,Article,karen tumulty,eli stokols,7,True
1129098,Article,karen tumulty,ryan grim,5,True
1129051,Article,karen tumulty,nate silver,11,True
1129138,Article,karen tumulty,karen tumulty,1,True
1129031,Article,karen tumulty,karen tumulty,1,True
1129136,Article,karen tumulty,eli stokols,4,True
1129052,Article,karen tumulty,ryan grim,8,True
1129024,Article,karen tumulty,karen tumulty,1,True
1129047,Article,karen tumulty,joshua green,3,True
1129122,Article,karen tumulty,karen tumulty,1,True
1129022,Article,karen tumulty,ryan grim,2,True
1129112,Article,karen tumulty,john mcwhorter,15,True
1129120,Article,karen tumulty,ryan grim,4,True
1129719,Tweet,karen tumulty,lloyd grove,22,True
1129251,Tweet,karen tumulty,karen tumulty,1,True
1129564,Tweet,karen tumulty,nate silver,22,True
1129731,Tweet,karen tumulty,eric alterman,14,True
1129596,Tweet,karen tumulty,karen tumulty,1,True
1129666,Tweet,karen tumulty,dahlia lithwick,16,True
1129204,Tweet,karen tumulty,karen tumulty,1,True
1129176,Tweet,karen tumulty,steve mirsky,3,True
1129549,Tweet,karen tumulty,jay newton-small,10,True
1129690,Tweet,karen tumulty,dahlia lithwick,27,True
1129152,Tweet,karen tumulty,lloyd grove,13,True
1129614,Tweet,karen tumulty,ed yong,13,True
1129447,Tweet,karen tumulty,dahlia lithwick,13,True
1129183,Tweet,karen tumulty,james fallows,13,True
1129568,Tweet,karen tumulty,katrina vanden heuvel,7,True
445149,Article,kate wong,kate wong,1,True
445078,Article,kate wong,kate wong,1,True
445340,Article,kate wong,lori gottlieb,5,True
445233,Article,kate wong,kate wong,1,True
445158,Article,kate wong,kate wong,1,True
445265,Article,kate wong,kate wong,1,True
445430,Article,kate wong,kate wong,1,True
445354,Article,kate wong,olga khazan,9,True
445228,Article,kate wong,kate wong,1,True
445084,Article,kate wong,jo marchant,4,True
445085,Article,kate wong,philip oltermann,2,True
445089,Article,kate wong,kate wong,1,True
445268,Article,kate wong,kate wong,1,True
445196,Article,kate wong,jo marchant,2,True
445375,Article,kate wong,kate wong,1,True
445600,Tweet,kate wong,jenna price,54,False
445819,Tweet,kate wong,olga khazan,6,True
445550,Tweet,kate wong,kate wong,1,True
445674,Tweet,kate wong,karen tumulty,58,False
445830,Tweet,kate wong,molly o’toole,2,True
445881,Tweet,kate wong,jenna price,43,False
445928,Tweet,kate wong,kate wong,1,True
445553,Tweet,kate wong,jo marchant,4,True
445701,Tweet,kate wong,harry mccracken,10,True
445851,Tweet,kate wong,luke winkie,8,True
445647,Tweet,kate wong,joshua green,19,True
445463,Tweet,kate wong,molly o’toole,54,False
445807,Tweet,kate wong,brian crecente,2,True
445687,Tweet,kate wong,kate wong,1,True
445910,Tweet,kate wong,bronwen maddox,25,True
878052,Article,katrina vanden heuvel,ryan grim,2,True
878101,Article,katrina vanden heuvel,eric alterman,22,True
878085,Article,katrina vanden heuvel,katrina vanden heuvel,1,True
878102,Article,katrina vanden heuvel,eli stokols,3,True
878092,Article,katrina vanden heuvel,eli stokols,7,True
878059,Article,katrina vanden heuvel,joshua green,2,True
878060,Article,katrina vanden heuvel,katrina vanden heuvel,1,True
878084,Article,katrina vanden heuvel,katrina vanden heuvel,1,True
878107,Article,katrina vanden heuvel,jeremy scahill,3,True
878100,Article,katrina vanden heuvel,ryan grim,3,True
878062,Article,katrina vanden heuvel,ryan grim,2,True
878051,Article,katrina vanden heuvel,olga khazan,27,True
878069,Article,katrina vanden heuvel,sarah jaffe,3,True
878091,Article,katrina vanden heuvel,eli stokols,4,True
878080,Article,katrina vanden heuvel,ryan grim,4,True
878476,Tweet,katrina vanden heuvel,emily willingham,7,True
878329,Tweet,katrina vanden heuvel,christie blatchford,17,True
878358,Tweet,katrina vanden heuvel,jon wiener,2,True
878249,Tweet,katrina vanden heuvel,charles hurt,3,True
878561,Tweet,katrina vanden heuvel,alex wagner,34,False
878477,Tweet,katrina vanden heuvel,steve mirsky,46,False
878546,Tweet,katrina vanden heuvel,katrina vanden heuvel,1,True
878350,Tweet,katrina vanden heuvel,james fallows,21,True
878364,Tweet,katrina vanden heuvel,harry mount,10,True
878275,Tweet,katrina vanden heuvel,bronwen maddox,18,True
878195,Tweet,katrina vanden heuvel,bronwen maddox,40,False
878302,Tweet,katrina vanden heuvel,bronwen maddox,6,True
878318,Tweet,katrina vanden heuvel,katrina vanden heuvel,1,True
878679,Tweet,katrina vanden heuvel,jay newton-small,2,True
878157,Tweet,katrina vanden heuvel,jon wiener,7,True
512406,Article,lloyd grove,philip oltermann,16,True
511878,Article,lloyd grove,eli stokols,6,True
512465,Article,lloyd grove,jeremy scahill,17,True
512381,Article,lloyd grove,eli stokols,8,True
511908,Article,lloyd grove,lloyd grove,1,True
511975,Article,lloyd grove,lloyd grove,1,True
511979,Article,lloyd grove,jeremy scahill,11,True
512184,Article,lloyd grove,eli stokols,6,True
511970,Article,lloyd grove,john mcwhorter,14,True
512278,Article,lloyd grove,eli stokols,3,True
512186,Article,lloyd grove,jeremy scahill,4,True
511886,Article,lloyd grove,lorraine ali,10,True
512483,Article,lloyd grove,lori gottlieb,25,True
511897,Article,lloyd grove,john mcwhorter,13,True
512234,Article,lloyd grove,olga khazan,16,True
512818,Tweet,lloyd grove,sarah baxter,14,True
512704,Tweet,lloyd grove,harry mount,8,True
513008,Tweet,lloyd grove,yaakov katz,2,True
512643,Tweet,lloyd grove,james delingpole,38,False
512902,Tweet,lloyd grove,caitlin moran,2,True
512575,Tweet,lloyd grove,jamil smith,5,True
512962,Tweet,lloyd grove,justin chang,2,True
512811,Tweet,lloyd grove,sarah baxter,3,True
512837,Tweet,lloyd grove,jenna price,11,True
512955,Tweet,lloyd grove,jamil smith,2,True
512945,Tweet,lloyd grove,jamil smith,2,True
512948,Tweet,lloyd grove,brian crecente,12,True
512789,Tweet,lloyd grove,brian crecente,9,True
512687,Tweet,lloyd grove,justin chang,6,True
513053,Tweet,lloyd grove,lloyd grove,1,True
497589,Article,lori gottlieb,lori gottlieb,1,True
497603,Article,lori gottlieb,lori gottlieb,1,True
497641,Article,lori gottlieb,lori gottlieb,1,True
497616,Article,lori gottlieb,lori gottlieb,1,True
497587,Article,lori gottlieb,lori gottlieb,1,True
497595,Article,lori gottlieb,lori gottlieb,1,True
497658,Article,lori gottlieb,lori gottlieb,1,True
497684,Article,lori gottlieb,lori gottlieb,1,True
497708,Article,lori gottlieb,lori gottlieb,1,True
497685,Article,lori gottlieb,lori gottlieb,1,True
497645,Article,lori gottlieb,lori gottlieb,1,True
497612,Article,lori gottlieb,lori gottlieb,1,True
497693,Article,lori gottlieb,lori gottlieb,1,True
497568,Article,lori gottlieb,lori gottlieb,1,True
497606,Article,lori gottlieb,lori gottlieb,1,True
498089,Tweet,lori gottlieb,hanna rosin,2,True
497904,Tweet,lori gottlieb,alexis madrigal,33,False
498201,Tweet,lori gottlieb,steve mirsky,5,True
498298,Tweet,lori gottlieb,jamil smith,2,True
498188,Tweet,lori gottlieb,emily willingham,5,True
498135,Tweet,lori gottlieb,karen tumulty,2,True
497888,Tweet,lori gottlieb,sabrina maddeaux,12,True
498262,Tweet,lori gottlieb,karen tumulty,2,True
497724,Tweet,lori gottlieb,lori gottlieb,1,True
498180,Tweet,lori gottlieb,harry mount,16,True
497743,Tweet,lori gottlieb,jo marchant,14,True
498018,Tweet,lori gottlieb,brian crecente,19,True
498106,Tweet,lori gottlieb,nicholas thompson,12,True
498270,Tweet,lori gottlieb,lori gottlieb,1,True
498248,Tweet,lori gottlieb,olga khazan,10,True
863061,Article,lorraine ali,sam leith,6,True
863065,Article,lorraine ali,justin chang,3,True
863034,Article,lorraine ali,jeremy scahill,17,True
863037,Article,lorraine ali,lorraine ali,1,True
863055,Article,lorraine ali,lorraine ali,1,True
863038,Article,lorraine ali,erin gloria ryan,4,True
863025,Article,lorraine ali,justin chang,2,True
863022,Article,lorraine ali,james delingpole,10,True
863033,Article,lorraine ali,olga khazan,3,True
863041,Article,lorraine ali,lori gottlieb,4,True
863064,Article,lorraine ali,lori gottlieb,4,True
863020,Article,lorraine ali,lorraine ali,1,True
863030,Article,lorraine ali,eli stokols,29,True
863039,Article,lorraine ali,erin gloria ryan,3,True
863058,Article,lorraine ali,luke winkie,4,True
863447,Tweet,lorraine ali,lorraine ali,1,True
863220,Tweet,lorraine ali,jamil smith,31,True
863190,Tweet,lorraine ali,caitlin moran,7,True
863595,Tweet,lorraine ali,lloyd grove,10,True
863624,Tweet,lorraine ali,lloyd grove,19,True
863307,Tweet,lorraine ali,jay newton-small,3,True
863366,Tweet,lorraine ali,bronwen maddox,3,True
863164,Tweet,lorraine ali,lorraine ali,1,True
863482,Tweet,lorraine ali,charles hurt,7,True
863369,Tweet,lorraine ali,charles hurt,7,True
863645,Tweet,lorraine ali,mary wakefield,16,True
863206,Tweet,lorraine ali,yaakov katz,24,True
863661,Tweet,lorraine ali,bronwen maddox,10,True
863468,Tweet,lorraine ali,lorraine ali,1,True
863374,Tweet,lorraine ali,caitlin moran,9,True
320952,Article,luke winkie,olga khazan,2,True
321002,Article,luke winkie,luke winkie,1,True
320982,Article,luke winkie,olga khazan,6,True
320962,Article,luke winkie,aris roussinos,3,True
321001,Article,luke winkie,luke winkie,1,True
320971,Article,luke winkie,olga khazan,3,True
321003,Article,luke winkie,justin chang,3,True
320984,Article,luke winkie,luke winkie,1,True
320976,Article,luke winkie,luke winkie,1,True
320953,Article,luke winkie,ashley feinberg,4,True
320995,Article,luke winkie,john mcwhorter,6,True
320989,Article,luke winkie,alexis madrigal,2,True
320959,Article,luke winkie,olga khazan,5,True
320940,Article,luke winkie,luke winkie,1,True
320943,Article,luke winkie,luke winkie,1,True
321052,Tweet,luke winkie,brian crecente,8,True
321091,Tweet,luke winkie,lloyd grove,21,True
321444,Tweet,luke winkie,ashley feinberg,6,True
321477,Tweet,luke winkie,yaakov katz,56,False
321283,Tweet,luke winkie,luke winkie,1,True
321162,Tweet,luke winkie,luke winkie,1,True
321335,Tweet,luke winkie,ashley feinberg,3,True
321071,Tweet,luke winkie,joel stein,7,True
321229,Tweet,luke winkie,ashley feinberg,3,True
321485,Tweet,luke winkie,sarah jaffe,11,True
321260,Tweet,luke winkie,joel stein,6,True
321430,Tweet,luke winkie,olga khazan,4,True
321020,Tweet,luke winkie,steve mirsky,16,True
321487,Tweet,luke winkie,erin gloria ryan,3,True
321533,Tweet,luke winkie,luke winkie,1,True
1231604,Article,mary wakefield,matt ridley,4,True
1231704,Article,mary wakefield,sam leith,3,True
1231595,Article,mary wakefield,sam leith,3,True
1231682,Article,mary wakefield,sam leith,7,True
1231611,Article,mary wakefield,sam leith,3,True
1231628,Article,mary wakefield,sam leith,2,True
1231677,Article,mary wakefield,lori gottlieb,15,True
1231664,Article,mary wakefield,sam leith,2,True
1231693,Article,mary wakefield,matt ridley,3,True
1231626,Article,mary wakefield,sam leith,7,True
1231659,Article,mary wakefield,sam leith,2,True
1231603,Article,mary wakefield,sam leith,3,True
1231691,Article,mary wakefield,sam leith,4,True
1231597,Article,mary wakefield,matt ridley,3,True
1231660,Article,mary wakefield,sam leith,2,True
1231725,Tweet,mary wakefield,charles hurt,26,True
1231744,Tweet,mary wakefield,jenna price,8,True
1231755,Tweet,mary wakefield,christie blatchford,7,True
1231773,Tweet,mary wakefield,harry mount,3,True
1231717,Tweet,mary wakefield,harry mount,3,True
1231729,Tweet,mary wakefield,lloyd grove,3,True
1231753,Tweet,mary wakefield,jenna price,7,True
1231736,Tweet,mary wakefield,mary wakefield,1,True
1231714,Tweet,mary wakefield,sarah baxter,2,True
1231756,Tweet,mary wakefield,mary wakefield,1,True
1231726,Tweet,mary wakefield,sam leith,2,True
1231765,Tweet,mary wakefield,brian crecente,13,True
1231779,Tweet,mary wakefield,mary wakefield,1,True
1231772,Tweet,mary wakefield,james delingpole,2,True
1231749,Tweet,mary wakefield,sarah baxter,5,True
295524,Article,matt ridley,matt ridley,1,True
295510,Article,matt ridley,aris roussinos,3,True
295528,Article,matt ridley,matt ridley,1,True
295523,Article,matt ridley,aris roussinos,2,True
295530,Article,matt ridley,matt ridley,1,True
295527,Article,matt ridley,matt ridley,1,True
295529,Article,matt ridley,matt ridley,1,True
295533,Article,matt ridley,matt ridley,1,True
295555,Article,matt ridley,matt ridley,1,True
295521,Article,matt ridley,matt ridley,1,True
295497,Article,matt ridley,kate wong,2,True
295550,Article,matt ridley,sam leith,2,True
295518,Article,matt ridley,matt ridley,1,True
295542,Article,matt ridley,matt ridley,1,True
295539,Article,matt ridley,matt ridley,1,True
295623,Tweet,matt ridley,harry mount,17,True
295617,Tweet,matt ridley,bronwen maddox,10,True
295636,Tweet,matt ridley,harry mount,2,True
295613,Tweet,matt ridley,david patrikarakos,14,True
295587,Tweet,matt ridley,joel stein,37,False
295578,Tweet,matt ridley,steve mirsky,59,False
295615,Tweet,matt ridley,bronwen maddox,15,True
295584,Tweet,matt ridley,james fallows,5,True
295599,Tweet,matt ridley,sabrina maddeaux,13,True
295631,Tweet,matt ridley,matt ridley,1,True
295580,Tweet,matt ridley,hanna rosin,17,True
295586,Tweet,matt ridley,sarah jaffe,2,True
295588,Tweet,matt ridley,james fallows,7,True
295565,Tweet,matt ridley,bronwen maddox,28,True
295569,Tweet,matt ridley,jeremy scahill,6,True
1089773,Article,molly o’toole,eli stokols,6,True
1089789,Article,molly o’toole,eli stokols,5,True
1089785,Article,molly o’toole,eli stokols,2,True
1089784,Article,molly o’toole,molly o’toole,1,True
1089770,Article,molly o’toole,eli stokols,3,True
1089803,Article,molly o’toole,eli stokols,6,True
1089779,Article,molly o’toole,jeremy scahill,2,True
1089793,Article,molly o’toole,shane harris,7,True
1089788,Article,molly o’toole,eli stokols,2,True
1089756,Article,molly o’toole,eli stokols,3,True
1089802,Article,molly o’toole,eli stokols,4,True
1089760,Article,molly o’toole,eli stokols,4,True
1089774,Article,molly o’toole,philip oltermann,24,True
1089775,Article,molly o’toole,eli stokols,4,True
1089772,Article,molly o’toole,shane harris,6,True
1089815,Tweet,molly o’toole,joel stein,47,False
1089846,Tweet,molly o’toole,sarah baxter,43,False
1089816,Tweet,molly o’toole,lloyd grove,9,True
1089870,Tweet,molly o’toole,james delingpole,29,True
1089828,Tweet,molly o’toole,joel stein,58,False
1089860,Tweet,molly o’toole,molly o’toole,1,True
1089811,Tweet,molly o’toole,molly o’toole,1,True
1089822,Tweet,molly o’toole,ashley feinberg,22,True
1089839,Tweet,molly o’toole,harry mount,55,False
1089868,Tweet,molly o’toole,harry mount,53,False
1089825,Tweet,molly o’toole,lloyd grove,3,True
1089867,Tweet,molly o’toole,james fallows,4,True
1089848,Tweet,molly o’toole,christie blatchford,19,True
1089820,Tweet,molly o’toole,sarah baxter,46,False
1089843,Tweet,molly o’toole,joshua green,2,True
516515,Article,nate silver,nate silver,1,True
516491,Article,nate silver,nate silver,1,True
516514,Article,nate silver,nate silver,1,True
516507,Article,nate silver,nate silver,1,True
516508,Article,nate silver,nate silver,1,True
516505,Article,nate silver,nate silver,1,True
516474,Article,nate silver,sarah jaffe,4,True
516497,Article,nate silver,nate silver,1,True
516490,Article,nate silver,nate silver,1,True
516492,Article,nate silver,nate silver,1,True
516473,Article,nate silver,nate silver,1,True
516516,Article,nate silver,alexis madrigal,17,True
516506,Article,nate silver,nate silver,1,True
516472,Article,nate silver,nate silver,1,True
516483,Article,nate silver,nate silver,1,True
516628,Tweet,nate silver,luke winkie,48,False
517049,Tweet,nate silver,nate silver,1,True
516894,Tweet,nate silver,karen tumulty,4,True
516701,Tweet,nate silver,nate silver,1,True
516947,Tweet,nate silver,ashley feinberg,2,True
516569,Tweet,nate silver,katrina vanden heuvel,3,True
516835,Tweet,nate silver,nate silver,1,True
516803,Tweet,nate silver,nate silver,1,True
516688,Tweet,nate silver,sarah jaffe,4,True
516892,Tweet,nate silver,karen tumulty,5,True
516874,Tweet,nate silver,ryan grim,5,True
516712,Tweet,nate silver,nate silver,1,True
516611,Tweet,nate silver,nate silver,1,True
516791,Tweet,nate silver,karen tumulty,2,True
516650,Tweet,nate silver,nicholas thompson,7,True
291302,Article,nicholas thompson,nicholas thompson,1,True
291358,Article,nicholas thompson,nicholas thompson,1,True
291320,Article,nicholas thompson,luke winkie,5,True
291327,Article,nicholas thompson,alexis madrigal,2,True
291381,Article,nicholas thompson,nate silver,11,True
291353,Article,nicholas thompson,nicholas thompson,1,True
291309,Article,nicholas thompson,tom simonite,2,True
291331,Article,nicholas thompson,nicholas thompson,1,True
291384,Article,nicholas thompson,john mcwhorter,8,True
291342,Article,nicholas thompson,nicholas thompson,1,True
291335,Article,nicholas thompson,nicholas thompson,1,True
291318,Article,nicholas thompson,lori gottlieb,20,True
291308,Article,nicholas thompson,nicholas thompson,1,True
291383,Article,nicholas thompson,ashley feinberg,3,True
291332,Article,nicholas thompson,alexis madrigal,22,True
291753,Tweet,nicholas thompson,charles hurt,8,True
291600,Tweet,nicholas thompson,molly o’toole,4,True
291422,Tweet,nicholas thompson,luke winkie,5,True
291614,Tweet,nicholas thompson,joel stein,12,True
291814,Tweet,nicholas thompson,steve mirsky,30,True
291780,Tweet,nicholas thompson,shams charania,14,True
291599,Tweet,nicholas thompson,lorraine ali,38,False
291406,Tweet,nicholas thompson,karen tumulty,38,False
291430,Tweet,nicholas thompson,nicholas thompson,1,True
291692,Tweet,nicholas thompson,alex wagner,20,True
291445,Tweet,nicholas thompson,john mcwhorter,3,True
291847,Tweet,nicholas thompson,molly o’toole,19,True
291552,Tweet,nicholas thompson,jay newton-small,31,True
291564,Tweet,nicholas thompson,john mcwhorter,5,True
291701,Tweet,nicholas thompson,steve mirsky,27,True
641587,Article,olga khazan,eli stokols,4,True
641298,Article,olga khazan,alexis madrigal,2,True
641333,Article,olga khazan,olga khazan,1,True
641651,Article,olga khazan,ed yong,3,True
641420,Article,olga khazan,olga khazan,1,True
641373,Article,olga khazan,lori gottlieb,2,True
641567,Article,olga khazan,nate silver,5,True
641363,Article,olga khazan,ryan grim,2,True
641483,Article,olga khazan,olga khazan,1,True
641485,Article,olga khazan,lori gottlieb,3,True
641390,Article,olga khazan,olga khazan,1,True
641571,Article,olga khazan,olga khazan,1,True
641340,Article,olga khazan,olga khazan,1,True
641595,Article,olga khazan,alexis madrigal,3,True
641278,Article,olga khazan,olga khazan,1,True
642163,Tweet,olga khazan,ben mathis-lilley,5,True
642002,Tweet,olga khazan,eric alterman,33,False
642114,Tweet,olga khazan,ashley feinberg,4,True
641789,Tweet,olga khazan,sarah baxter,5,True
641905,Tweet,olga khazan,molly o’toole,22,True
641821,Tweet,olga khazan,olga khazan,1,True
641887,Tweet,olga khazan,ashley feinberg,2,True
641705,Tweet,olga khazan,james fallows,8,True
641950,Tweet,olga khazan,luke winkie,8,True
641953,Tweet,olga khazan,olga khazan,1,True
641992,Tweet,olga khazan,ashley feinberg,10,True
641745,Tweet,olga khazan,ashley feinberg,2,True
641998,Tweet,olga khazan,katrina vanden heuvel,14,True
641982,Tweet,olga khazan,brian crecente,10,True
641985,Tweet,olga khazan,lloyd grove,11,True
1238819,Article,philip oltermann,philip oltermann,1,True
1238845,Article,philip oltermann,jeremy scahill,3,True
1238839,Article,philip oltermann,aris roussinos,3,True
1238806,Article,philip oltermann,philip oltermann,1,True
1238808,Article,philip oltermann,philip oltermann,1,True
1238818,Article,philip oltermann,eli stokols,3,True
1238836,Article,philip oltermann,philip oltermann,1,True
1238813,Article,philip oltermann,philip oltermann,1,True
1238824,Article,philip oltermann,aris roussinos,2,True
1238817,Article,philip oltermann,philip oltermann,1,True
1238830,Article,philip oltermann,philip oltermann,1,True
1238816,Article,philip oltermann,philip oltermann,1,True
1238843,Article,philip oltermann,philip oltermann,1,True
1238835,Article,philip oltermann,jamil smith,4,True
1238825,Article,philip oltermann,philip oltermann,1,True
1238912,Tweet,philip oltermann,steve mirsky,25,True
1239109,Tweet,philip oltermann,justin chang,11,True
1239141,Tweet,philip oltermann,philip oltermann,1,True
1239409,Tweet,philip oltermann,lorraine ali,3,True
1239392,Tweet,philip oltermann,katrina vanden heuvel,5,True
1239284,Tweet,philip oltermann,sabrina maddeaux,3,True
1239090,Tweet,philip oltermann,lloyd grove,2,True
1238884,Tweet,philip oltermann,jeremy scahill,6,True
1239019,Tweet,philip oltermann,sabrina maddeaux,4,True
1238881,Tweet,philip oltermann,tom simonite,10,True
1238860,Tweet,philip oltermann,philip oltermann,1,True
1239423,Tweet,philip oltermann,bronwen maddox,12,True
1238974,Tweet,philip oltermann,philip oltermann,1,True
1239045,Tweet,philip oltermann,lloyd grove,2,True
1239142,Tweet,philip oltermann,shane harris,8,True
303003,Article,ryan grim,jeremy scahill,5,True
303082,Article,ryan grim,ryan grim,1,True
303105,Article,ryan grim,ryan grim,1,True
303115,Article,ryan grim,eli stokols,2,True
303056,Article,ryan grim,ryan grim,1,True
303055,Article,ryan grim,eli stokols,2,True
303016,Article,ryan grim,eli stokols,2,True
303066,Article,ryan grim,ryan grim,1,True
303024,Article,ryan grim,ryan grim,1,True
303138,Article,ryan grim,jeremy scahill,37,False
303007,Article,ryan grim,ryan grim,1,True
303029,Article,ryan grim,ryan grim,1,True
303136,Article,ryan grim,ryan grim,1,True
303025,Article,ryan grim,eli stokols,2,True
303027,Article,ryan grim,ryan grim,1,True
303360,Tweet,ryan grim,harry mount,38,False
303423,Tweet,ryan grim,ben mathis-lilley,4,True
303480,Tweet,ryan grim,eli stokols,4,True
303639,Tweet,ryan grim,joshua green,45,False
303575,Tweet,ryan grim,dahlia lithwick,44,False
303170,Tweet,ryan grim,brian crecente,25,True
303392,Tweet,ryan grim,tom simonite,13,True
303455,Tweet,ryan grim,ben mathis-lilley,2,True
303249,Tweet,ryan grim,harry mount,26,True
303404,Tweet,ryan grim,james delingpole,22,True
303586,Tweet,ryan grim,joshua green,15,True
303558,Tweet,ryan grim,ryan grim,1,True
303182,Tweet,ryan grim,charles hurt,17,True
303195,Tweet,ryan grim,bronwen maddox,33,False
303208,Tweet,ryan grim,ashley feinberg,13,True
1111759,Article,sabrina maddeaux,sabrina maddeaux,1,True
1111699,Article,sabrina maddeaux,christie blatchford,4,True
1111723,Article,sabrina maddeaux,sarah jaffe,7,True
1111671,Article,sabrina maddeaux,jonathan kay,2,True
1111629,Article,sabrina maddeaux,ed yong,9,True
1111767,Article,sabrina maddeaux,sabrina maddeaux,1,True
1111750,Article,sabrina maddeaux,sabrina maddeaux,1,True
1111684,Article,sabrina maddeaux,sabrina maddeaux,1,True
1111627,Article,sabrina maddeaux,sabrina maddeaux,1,True
1111760,Article,sabrina maddeaux,sabrina maddeaux,1,True
1111721,Article,sabrina maddeaux,sabrina maddeaux,1,True
1111681,Article,sabrina maddeaux,john mcwhorter,3,True
1111738,Article,sabrina maddeaux,sabrina maddeaux,1,True
1111720,Article,sabrina maddeaux,sabrina maddeaux,1,True
1111643,Article,sabrina maddeaux,matt ridley,2,True
1111984,Tweet,sabrina maddeaux,steve mirsky,36,False
1111822,Tweet,sabrina maddeaux,molly o’toole,25,True
1112226,Tweet,sabrina maddeaux,sabrina maddeaux,1,True
1112270,Tweet,sabrina maddeaux,sabrina maddeaux,1,True
1111824,Tweet,sabrina maddeaux,sarah baxter,5,True
1112024,Tweet,sabrina maddeaux,sabrina maddeaux,1,True
1112145,Tweet,sabrina maddeaux,christie blatchford,31,True
1112133,Tweet,sabrina maddeaux,harry mount,18,True
1111869,Tweet,sabrina maddeaux,sabrina maddeaux,1,True
1112279,Tweet,sabrina maddeaux,katrina vanden heuvel,13,True
1112191,Tweet,sabrina maddeaux,jamil smith,15,True
1112212,Tweet,sabrina maddeaux,sabrina maddeaux,1,True
1111880,Tweet,sabrina maddeaux,jay newton-small,7,True
1112063,Tweet,sabrina maddeaux,jonathan kay,14,True
1112082,Tweet,sabrina maddeaux,ashley feinberg,11,True
1247239,Article,sam leith,sam leith,1,True
1247231,Article,sam leith,lori gottlieb,2,True
1247165,Article,sam leith,sam leith,1,True
1247283,Article,sam leith,sam leith,1,True
1247148,Article,sam leith,john mcwhorter,37,False
1247243,Article,sam leith,sam leith,1,True
1247247,Article,sam leith,sam leith,1,True
1247163,Article,sam leith,matt ridley,3,True
1247154,Article,sam leith,matt ridley,3,True
1247164,Article,sam leith,tom simonite,9,True
1247275,Article,sam leith,sam leith,1,True
1247207,Article,sam leith,sam leith,1,True
1247140,Article,sam leith,sam leith,1,True
1247149,Article,sam leith,sam leith,1,True
1247212,Article,sam leith,sam leith,1,True
1247699,Tweet,sam leith,olga khazan,36,False
1247635,Tweet,sam leith,bronwen maddox,3,True
1247789,Tweet,sam leith,lloyd grove,32,True
1247485,Tweet,sam leith,sam leith,1,True
1247431,Tweet,sam leith,ben mathis-lilley,4,True
1247736,Tweet,sam leith,justin chang,21,True
1247705,Tweet,sam leith,sam leith,1,True
1247491,Tweet,sam leith,john mcwhorter,10,True
1247317,Tweet,sam leith,mary wakefield,2,True
1247666,Tweet,sam leith,mary wakefield,28,True
1247544,Tweet,sam leith,olga khazan,38,False
1247376,Tweet,sam leith,mary wakefield,2,True
1247297,Tweet,sam leith,sam leith,1,True
1247315,Tweet,sam leith,luke winkie,36,False
1247854,Tweet,sam leith,joel stein,22,True
908573,Article,sarah baxter,lloyd grove,2,True
908530,Article,sarah baxter,eli stokols,35,False
908581,Article,sarah baxter,sam leith,20,True
908543,Article,sarah baxter,philip oltermann,16,True
908578,Article,sarah baxter,sam leith,22,True
908532,Article,sarah baxter,sarah baxter,1,True
908539,Article,sarah baxter,sabrina maddeaux,7,True
908553,Article,sarah baxter,bronwen maddox,9,True
908524,Article,sarah baxter,philip oltermann,6,True
908565,Article,sarah baxter,philip oltermann,18,True
908507,Article,sarah baxter,eli stokols,29,True
908542,Article,sarah baxter,karen tumulty,3,True
908585,Article,sarah baxter,sam leith,7,True
908522,Article,sarah baxter,matt ridley,18,True
908571,Article,sarah baxter,eli stokols,5,True
908760,Tweet,sarah baxter,david patrikarakos,2,True
908699,Tweet,sarah baxter,katrina vanden heuvel,41,False
908761,Tweet,sarah baxter,lloyd grove,42,False
908896,Tweet,sarah baxter,sarah baxter,1,True
909156,Tweet,sarah baxter,lloyd grove,37,False
908855,Tweet,sarah baxter,sarah baxter,1,True
908804,Tweet,sarah baxter,bronwen maddox,2,True
909017,Tweet,sarah baxter,lloyd grove,2,True
908992,Tweet,sarah baxter,lloyd grove,42,False
908810,Tweet,sarah baxter,mary wakefield,7,True
908780,Tweet,sarah baxter,bronwen maddox,4,True
908629,Tweet,sarah baxter,james delingpole,7,True
909134,Tweet,sarah baxter,sabrina maddeaux,36,False
908961,Tweet,sarah baxter,bronwen maddox,2,True
909185,Tweet,sarah baxter,shane harris,35,False
1086650,Article,sarah jaffe,erin gloria ryan,2,True
1086671,Article,sarah jaffe,sarah jaffe,1,True
1086643,Article,sarah jaffe,sarah jaffe,1,True
1086660,Article,sarah jaffe,sarah jaffe,1,True
1086659,Article,sarah jaffe,ashley feinberg,3,True
1086656,Article,sarah jaffe,emily willingham,6,True
1086658,Article,sarah jaffe,sarah jaffe,1,True
1086649,Article,sarah jaffe,sarah jaffe,1,True
1086678,Article,sarah jaffe,ryan grim,2,True
1086667,Article,sarah jaffe,eli stokols,2,True
1086646,Article,sarah jaffe,jamil smith,5,True
1086672,Article,sarah jaffe,olga khazan,2,True
1086677,Article,sarah jaffe,eli stokols,2,True
1086636,Article,sarah jaffe,sarah jaffe,1,True
1086662,Article,sarah jaffe,sarah jaffe,1,True
1087143,Tweet,sarah jaffe,luke winkie,19,True
1086823,Tweet,sarah jaffe,jamil smith,6,True
1086766,Tweet,sarah jaffe,tom simonite,11,True
1086694,Tweet,sarah jaffe,lloyd grove,2,True
1087187,Tweet,sarah jaffe,ryan grim,17,True
1086972,Tweet,sarah jaffe,brian crecente,13,True
1086857,Tweet,sarah jaffe,alex wagner,3,True
1087146,Tweet,sarah jaffe,caitlin moran,14,True
1086723,Tweet,sarah jaffe,jamil smith,14,True
1087218,Tweet,sarah jaffe,brian crecente,6,True
1086910,Tweet,sarah jaffe,olga khazan,6,True
1086845,Tweet,sarah jaffe,katrina vanden heuvel,3,True
1087265,Tweet,sarah jaffe,luke winkie,10,True
1086746,Tweet,sarah jaffe,christie blatchford,20,True
1086957,Tweet,sarah jaffe,mary wakefield,17,True
1182811,Article,shams charania,shams charania,1,True
1182763,Article,shams charania,shams charania,1,True
1182682,Article,shams charania,shams charania,1,True
1182678,Article,shams charania,shams charania,1,True
1182634,Article,shams charania,shams charania,1,True
1182677,Article,shams charania,shams charania,1,True
1182664,Article,shams charania,shams charania,1,True
1182712,Article,shams charania,shams charania,1,True
1182702,Article,shams charania,shams charania,1,True
1182782,Article,shams charania,shams charania,1,True
1182807,Article,shams charania,shams charania,1,True
1182697,Article,shams charania,shams charania,1,True
1182653,Article,shams charania,shams charania,1,True
1182785,Article,shams charania,shams charania,1,True
1182744,Article,shams charania,shams charania,1,True
1183338,Tweet,shams charania,shams charania,1,True
1183266,Tweet,shams charania,shams charania,1,True
1183004,Tweet,shams charania,shams charania,1,True
1183074,Tweet,shams charania,shams charania,1,True
1182825,Tweet,shams charania,shams charania,1,True
1182853,Tweet,shams charania,shams charania,1,True
1182977,Tweet,shams charania,shams charania,1,True
1183370,Tweet,shams charania,shams charania,1,True
1183103,Tweet,shams charania,shams charania,1,True
1183003,Tweet,shams charania,shams charania,1,True
1183356,Tweet,shams charania,shams charania,1,True
1183155,Tweet,shams charania,shams charania,1,True
1182932,Tweet,shams charania,shams charania,1,True
1183180,Tweet,shams charania,jamil smith,2,True
1183323,Tweet,shams charania,shams charania,1,True
660697,Article,shane harris,shane harris,1,True
660620,Article,shane harris,shane harris,1,True
660740,Article,shane harris,shane harris,1,True
660649,Article,shane harris,jeremy scahill,2,True
660652,Article,shane harris,shane harris,1,True
660673,Article,shane harris,shane harris,1,True
660641,Article,shane harris,shane harris,1,True
660657,Article,shane harris,shane harris,1,True
660733,Article,shane harris,jeremy scahill,2,True
660596,Article,shane harris,shane harris,1,True
660616,Article,shane harris,shane harris,1,True
660687,Article,shane harris,shane harris,1,True
660629,Article,shane harris,shane harris,1,True
660753,Article,shane harris,shane harris,1,True
660621,Article,shane harris,shane harris,1,True
660927,Tweet,shane harris,lloyd grove,22,True
660936,Tweet,shane harris,steve mirsky,17,True
661280,Tweet,shane harris,james delingpole,52,False
660777,Tweet,shane harris,jamil smith,34,False
661096,Tweet,shane harris,harry mount,7,True
661189,Tweet,shane harris,eli stokols,4,True
661284,Tweet,shane harris,katrina vanden heuvel,5,True
660882,Tweet,shane harris,philip oltermann,19,True
660969,Tweet,shane harris,eli stokols,2,True
660902,Tweet,shane harris,brian crecente,53,False
660765,Tweet,shane harris,joel stein,36,False
661305,Tweet,shane harris,bronwen maddox,3,True
660962,Tweet,shane harris,tom simonite,22,True
661237,Tweet,shane harris,jay newton-small,26,True
660893,Tweet,shane harris,molly o’toole,8,True
663651,Article,steve mirsky,olga khazan,24,True
663623,Article,steve mirsky,kate wong,11,True
663600,Article,steve mirsky,john mcwhorter,18,True
663679,Article,steve mirsky,ed yong,6,True
663587,Article,steve mirsky,john mcwhorter,28,True
663609,Article,steve mirsky,lori gottlieb,8,True
663560,Article,steve mirsky,olga khazan,12,True
663601,Article,steve mirsky,olga khazan,17,True
663614,Article,steve mirsky,jo marchant,12,True
663640,Article,steve mirsky,ed yong,12,True
663620,Article,steve mirsky,ed yong,15,True
663639,Article,steve mirsky,ed yong,11,True
663564,Article,steve mirsky,kate wong,8,True
663536,Article,steve mirsky,ed yong,12,True
663594,Article,steve mirsky,eli stokols,29,True
663733,Tweet,steve mirsky,steve mirsky,1,True
663977,Tweet,steve mirsky,sarah baxter,3,True
663798,Tweet,steve mirsky,karen tumulty,35,False
664085,Tweet,steve mirsky,harry mount,38,False
664281,Tweet,steve mirsky,steve mirsky,1,True
664264,Tweet,steve mirsky,ben mathis-lilley,34,False
664259,Tweet,steve mirsky,steve mirsky,1,True
664106,Tweet,steve mirsky,bill plaschke,8,True
663963,Tweet,steve mirsky,steve mirsky,1,True
664055,Tweet,steve mirsky,joshua green,5,True
663908,Tweet,steve mirsky,jamil smith,24,True
663989,Tweet,steve mirsky,steve mirsky,1,True
663832,Tweet,steve mirsky,lloyd grove,2,True
663801,Tweet,steve mirsky,jamil smith,7,True
663986,Tweet,steve mirsky,dahlia lithwick,8,True
386284,Article,tom simonite,tom simonite,1,True
386231,Article,tom simonite,olga khazan,5,True
386685,Article,tom simonite,nicholas thompson,3,True
386155,Article,tom simonite,nicholas thompson,2,True
386545,Article,tom simonite,nicholas thompson,2,True
386134,Article,tom simonite,tom simonite,1,True
386267,Article,tom simonite,tom simonite,1,True
386190,Article,tom simonite,alexis madrigal,2,True
386208,Article,tom simonite,tom simonite,1,True
386087,Article,tom simonite,tom simonite,1,True
386226,Article,tom simonite,tom simonite,1,True
386411,Article,tom simonite,alexis madrigal,2,True
386083,Article,tom simonite,nicholas thompson,3,True
386164,Article,tom simonite,jeremy scahill,4,True
386521,Article,tom simonite,tom simonite,1,True
387089,Tweet,tom simonite,nicholas thompson,11,True
386862,Tweet,tom simonite,tom simonite,1,True
386889,Tweet,tom simonite,ashley feinberg,3,True
387076,Tweet,tom simonite,brian crecente,5,True
387202,Tweet,tom simonite,ashley feinberg,10,True
386992,Tweet,tom simonite,tom simonite,1,True
386754,Tweet,tom simonite,alexis madrigal,38,False
386971,Tweet,tom simonite,eric alterman,2,True
387018,Tweet,tom simonite,evan narcisse,36,False
386750,Tweet,tom simonite,molly o’toole,52,False
387043,Tweet,tom simonite,christie blatchford,58,False
386956,Tweet,tom simonite,joel stein,17,True
386743,Tweet,tom simonite,ashley feinberg,6,True
387203,Tweet,tom simonite,jamil smith,55,False
387178,Tweet,tom simonite,luke winkie,4,True
656614,Article,yaakov katz,jeremy scahill,2,True
656610,Article,yaakov katz,yaakov katz,1,True
656648,Article,yaakov katz,yaakov katz,1,True
656603,Article,yaakov katz,yaakov katz,1,True
656607,Article,yaakov katz,yaakov katz,1,True
656639,Article,yaakov katz,yaakov katz,1,True
656619,Article,yaakov katz,yaakov katz,1,True
656615,Article,yaakov katz,yaakov katz,1,True
656645,Article,yaakov katz,yaakov katz,1,True
656611,Article,yaakov katz,yaakov katz,1,True
656628,Article,yaakov katz,yaakov katz,1,True
656642,Article,yaakov katz,yaakov katz,1,True
656650,Article,yaakov katz,yaakov katz,1,True
656635,Article,yaakov katz,yaakov katz,1,True
656624,Article,yaakov katz,yaakov katz,1,True
656748,Tweet,yaakov katz,yaakov katz,1,True
657135,Tweet,yaakov katz,yaakov katz,1,True
657003,Tweet,yaakov katz,yaakov katz,1,True
657034,Tweet,yaakov katz,yaakov katz,1,True
656888,Tweet,yaakov katz,yaakov katz,1,True
656988,Tweet,yaakov katz,yaakov katz,1,True
657219,Tweet,yaakov katz,yaakov katz,1,True
656889,Tweet,yaakov katz,yaakov katz,1,True
656790,Tweet,yaakov katz,yaakov katz,1,True
657071,Tweet,yaakov katz,yaakov katz,1,True
656688,Tweet,yaakov katz,david patrikarakos,4,True
656782,Tweet,yaakov katz,yaakov katz,1,True
656659,Tweet,yaakov katz,yaakov katz,1,True
656994,Tweet,yaakov katz,james fallows,24,True
657224,Tweet,yaakov katz,yaakov katz,1,True
