model,references,targets,seconds,Accuracy,R@8,R@16,R@32,R@64,Mean_Reciprical_Rank,Mean_Rank,Median_Rank,n
selma,Both,Overall,2496.7705800060066,0.232,0.5043333333333333,0.6023333333333334,0.7040666666666666,0.8066,0.3342411595462907,42.694066666666664,8.0,15000
selma,Both,Article,2496.7705800060066,0.2594666666666667,0.5706666666666667,0.6834666666666667,0.7898666666666667,0.8905333333333333,0.37473793563831825,26.020266666666668,6.0,7500
selma,Both,Tweet,2496.7705800060066,0.20453333333333334,0.438,0.5212,0.6182666666666666,0.7226666666666667,0.29374438345426324,59.367866666666664,14.0,7500
default,Both,Overall,941.8963442060049,0.20566666666666666,0.45626666666666665,0.5634666666666667,0.6789333333333334,0.802,0.2999855833798915,44.0612,11.0,15000
default,Both,Article,941.8963442060049,0.242,0.5210666666666667,0.6256,0.7398666666666667,0.862,0.34533419785145414,29.549466666666667,7.0,7500
default,Both,Tweet,941.8963442060049,0.16933333333333334,0.3914666666666667,0.5013333333333333,0.618,0.742,0.25463696890832876,58.57293333333333,16.0,7500
prototype_heavy,Both,Overall,988.7092263369996,0.23886666666666667,0.4706666666666667,0.5624666666666667,0.6634666666666666,0.7776666666666666,0.3297137992574317,45.96446666666667,11.0,15000
prototype_heavy,Both,Article,988.7092263369996,0.3068,0.5886666666666667,0.6841333333333334,0.7750666666666667,0.8645333333333334,0.41466192061847046,27.802666666666667,5.0,7500
prototype_heavy,Both,Tweet,988.7092263369996,0.17093333333333333,0.3526666666666667,0.4408,0.5518666666666666,0.6908,0.244765677896393,64.12626666666667,24.0,7500
centroid_only,Both,Overall,811.9178594990226,0.23193333333333332,0.5042,0.6021333333333333,0.7039333333333333,0.8066666666666666,0.334223846065608,42.692,8.0,15000
centroid_only,Both,Article,811.9178594990226,0.2594666666666667,0.5705333333333333,0.6834666666666667,0.7896,0.8905333333333333,0.374781377637266,26.016533333333335,6.0,7500
centroid_only,Both,Tweet,811.9178594990226,0.2044,0.4378666666666667,0.5208,0.6182666666666666,0.7228,0.29366631449395014,59.367466666666665,14.0,7500
reference_only,Both,Overall,818.5512870819948,0.29613333333333336,0.5474,0.635,0.7210666666666666,0.8146,0.391762344227485,39.46586666666666,6.0,15000
reference_only,Both,Article,818.5512870819948,0.3656,0.6632,0.7481333333333333,0.8281333333333334,0.9017333333333334,0.4762808750963067,21.381733333333333,3.0,7500
reference_only,Both,Tweet,818.5512870819948,0.22666666666666666,0.4316,0.5218666666666667,0.614,0.7274666666666667,0.30724381335866335,57.55,14.0,7500
genre_balanced,Both,Overall,1275.4972408979957,0.15226666666666666,0.3648,0.4532,0.5598666666666666,0.6839333333333333,0.2339790881167511,70.41033333333333,23.0,15000
genre_balanced,Both,Article,1275.4972408979957,0.15,0.38293333333333335,0.47746666666666665,0.5998666666666667,0.7310666666666666,0.23943827927532083,52.9984,19.0,7500
genre_balanced,Both,Tweet,1275.4972408979957,0.15453333333333333,0.3466666666666667,0.42893333333333333,0.5198666666666667,0.6368,0.22851989695818137,87.82226666666666,28.0,7500
genre_balanced_heavy,Both,Overall,1388.2738769410062,0.16173333333333334,0.3973333333333333,0.49633333333333335,0.6007333333333333,0.7125333333333334,0.24876054306854906,68.42873333333333,17.0,15000
genre_balanced_heavy,Both,Article,1388.2738769410062,0.15386666666666668,0.4276,0.5430666666666667,0.6558666666666667,0.7786666666666666,0.2523504907151879,48.754533333333335,13.0,7500
genre_balanced_heavy,Both,Tweet,1388.2738769410062,0.1696,0.36706666666666665,0.4496,0.5456,0.6464,0.24517059542191025,88.10293333333334,24.0,7500
genre_matched,Both,Overall,637.2733914369892,0.20153333333333334,0.4046,0.4884,0.5859333333333333,0.6915333333333333,0.2811973062539876,64.61053333333334,18.0,15000
genre_matched,Both,Article,637.2733914369892,0.23186666666666667,0.43853333333333333,0.5178666666666667,0.6016,0.6965333333333333,0.31381674864095044,57.40773333333333,14.0,7500
genre_matched,Both,Tweet,637.2733914369892,0.1712,0.37066666666666664,0.45893333333333336,0.5702666666666667,0.6865333333333333,0.24857786386702466,71.81333333333333,21.0,7500
genre_matched_heavy,Both,Overall,699.2437796209997,0.22866666666666666,0.45066666666666666,0.537,0.6308666666666667,0.7352,0.31431678172222244,59.89106666666667,12.0,15000
genre_matched_heavy,Both,Article,699.2437796209997,0.28933333333333333,0.554,0.6337333333333334,0.7114666666666667,0.7826666666666666,0.38876720750336285,53.1368,6.0,7500
genre_matched_heavy,Both,Tweet,699.2437796209997,0.168,0.3473333333333333,0.44026666666666664,0.5502666666666667,0.6877333333333333,0.239866355941082,66.64533333333334,25.0,7500
genre_prototypes,Both,Overall,933.9894857569889,0.24273333333333333,0.4962,0.5985333333333334,0.7004666666666667,0.8120666666666667,0.3391525147625131,40.419266666666665,9.0,15000
genre_prototypes,Both,Article,933.9894857569889,0.29586666666666667,0.5785333333333333,0.6758666666666666,0.768,0.8710666666666667,0.4024752565727799,26.4752,5.0,7500
genre_prototypes,Both,Tweet,933.9894857569889,0.1896,0.41386666666666666,0.5212,0.6329333333333333,0.7530666666666667,0.2758297729522463,54.36333333333334,14.0,7500
genre_prototypes_heavy,Both,Overall,988.5596972880012,0.254,0.5017333333333334,0.589,0.6882666666666667,0.7942666666666667,0.34957079837581845,42.5944,8.0,15000
genre_prototypes_heavy,Both,Article,988.5596972880012,0.3217333333333333,0.624,0.714,0.8037333333333333,0.8794666666666666,0.4358090612287986,25.294933333333333,4.0,7500
genre_prototypes_heavy,Both,Tweet,988.5596972880012,0.18626666666666666,0.3794666666666667,0.464,0.5728,0.7090666666666666,0.26333253552283836,59.89386666666667,21.0,7500
